image,sigma,method,conduction,K,dx,dy,dt,n,diffusion_time,n_seeds,mse_mean,mse_std,relative_l2_mean,relative_l2_std,psnr_mean,psnr_std,ssim_mean,ssim_std,duration_seconds_mean,duration_seconds_std
geometric_shapes,0.025,heat,,,1.0,1.0,0.2,0,0.0,10,0.0006251913397118361,6.60835613383293e-06,0.059217274529769645,0.0003124855871244131,32.04008792013384,0.04576383757196286,0.6646332492360639,0.0019699230728485594,0.0,0.0
geometric_shapes,0.025,heat,,,1.0,1.0,0.2,1,0.2,10,0.0008976241553975955,4.472039754513104e-06,0.07095670409381061,0.00017666087729512633,30.46910312786988,0.021613559609004372,0.8740234167336183,0.001484037266360684,0.0002067199966404587,9.341033502570628e-05
geometric_shapes,0.025,heat,,,1.0,1.0,0.2,2,0.4,10,0.0011895784923590742,5.1994485681733035e-06,0.08168512898587073,0.00017847559950847256,29.24610627802295,0.018973699224331807,0.9074345070882222,0.001172379230086148,0.000316609995206818,0.00011505891400853346
geometric_shapes,0.025,heat,,,1.0,1.0,0.2,5,1.0,10,0.0020550168957588493,7.106364215693091e-06,0.10736296471682147,0.00018547046304826772,26.871869346667047,0.014991761605299594,0.9007250938118704,0.0008008530474468066,0.0006366599991451949,0.0001522949313484753
geometric_shapes,0.025,heat,,,1.0,1.0,0.2,10,2.0,10,0.0029549131612309136,8.421798449555838e-06,0.1287417313212979,0.00018333783179664355,25.29456862224623,0.01236088727105638,0.8708359105806199,0.0005817344306261533,0.0021228599973255767,0.003108373899916589
geometric_shapes,0.025,heat,,,1.0,1.0,0.2,20,4.0,10,0.0042188508904192215,9.86488289073016e-06,0.15383111980334704,0.00017978856361303011,23.748068914586455,0.010148043261039524,0.8244621819639366,0.0004693579523136758,0.0030607499997131527,0.0031083996105551554
geometric_shapes,0.025,heat,,,1.0,1.0,0.2,40,8.0,10,0.006002064724903559,1.2141120215133097e-05,0.18348371204219732,0.0001855573905346694,22.21700124994258,0.00878309911737984,0.7696220671238475,0.0002963050776887671,0.005090820000623353,0.003257802610969355
geometric_shapes,0.025,heat,,,1.0,1.0,0.2,80,16.0,10,0.008551218483146803,1.6049703062896514e-05,0.2190086204946316,0.00020553574895846642,20.67972685750933,0.008151877935597256,0.7158881806621075,0.00023154194906784966,0.009057959995698184,0.003549139840645498
geometric_shapes,0.025,noisy,,,1.0,1.0,0.2,0,0.0,10,0.0006251913397118361,6.60835613383293e-06,0.059217274529769645,0.0003124855871244131,32.04008792013384,0.04576383757196286,0.6646332492360639,0.0019699230728485594,0.0,0.0
geometric_shapes,0.025,perona_malik,exponential,0.025,1.0,1.0,0.2,0,0.0,10,0.0006251913397118361,6.60835613383293e-06,0.059217274529769645,0.0003124855871244131,32.04008792013384,0.04576383757196286,0.6646332492360639,0.0019699230728485594,0.0,0.0
geometric_shapes,0.025,perona_malik,exponential,0.025,1.0,1.0,0.2,1,0.2,10,0.0005478743469457921,6.78651915687716e-06,0.055434532928346755,0.00034274122043005575,32.61348882409784,0.0536097586659588,0.6923257688832768,0.0022669249313667806,0.0008279399975435808,0.00019347093592334894
geometric_shapes,0.025,perona_malik,exponential,0.025,1.0,1.0,0.2,2,0.4,10,0.0004795124751126637,6.9049890157300454e-06,0.051860564849958865,0.0003726933096160845,33.19240410485067,0.06230197004113174,0.7194544885088942,0.002560334858512637,0.0017341399943688884,0.0004851974348861437
geometric_shapes,0.025,perona_malik,exponential,0.025,1.0,1.0,0.2,5,1.0,10,0.00032100458188309385,6.815285114121896e-06,0.04243078389960393,0.00044959255639876963,34.93576423839536,0.09186208704996056,0.7938176793049113,0.003291066568666846,0.004109259997494519,0.0006924115610934387
geometric_shapes,0.025,perona_malik,exponential,0.025,1.0,1.0,0.2,10,2.0,10,0.00017487428764591977,5.402954409460055e-06,0.03131581526781068,0.00048378709958842714,37.57460608231926,0.13419676166528668,0.879487271116916,0.003695967634478306,0.007533889997284859,0.0010706451803789057
geometric_shapes,0.025,perona_malik,exponential,0.025,1.0,1.0,0.2,20,4.0,10,8.821533389386643e-05,4.378864103014669e-06,0.022238124225508214,0.0005540338359527073,40.54942336765285,0.2172605889737854,0.9374141933613617,0.003471965126659113,0.014606999995885417,0.0026023757491450664
geometric_shapes,0.025,perona_malik,exponential,0.025,1.0,1.0,0.2,40,8.0,10,5.459191201241491e-05,3.990619512712108e-06,0.017488346091931777,0.0006414889319397239,42.63926148663467,0.32000833583889526,0.9604820291904028,0.0032544737941345445,0.02840439999999944,0.0048526354479633575
geometric_shapes,0.025,perona_malik,exponential,0.025,1.0,1.0,0.2,80,16.0,10,3.757030089211902e-05,3.3439916366586683e-06,0.014503925042109723,0.0006433409378639273,44.26690164576662,0.38442220594839416,0.9723877362691317,0.0029452600102713024,0.05465131999517325,0.009407306843867449
geometric_shapes,0.025,perona_malik,exponential,0.05,1.0,1.0,0.2,0,0.0,10,0.0006251913397118361,6.60835613383293e-06,0.059217274529769645,0.0003124855871244131,32.04008792013384,0.04576383757196286,0.6646332492360639,0.0019699230728485594,0.0,0.0
geometric_shapes,0.025,perona_malik,exponential,0.05,1.0,1.0,0.2,1,0.2,10,0.00035619325979603054,5.528793732208949e-06,0.04469701258673604,0.00034631186703101667,34.483611778402725,0.06718481716636616,0.7741195968674195,0.0025497548644578855,0.0006848399934824556,0.00025009988925144786
geometric_shapes,0.025,perona_malik,exponential,0.05,1.0,1.0,0.2,2,0.4,10,0.00019495285080651286,4.200049963010445e-06,0.033066603082833684,0.0003555422243436337,37.101606741586096,0.09322218643365349,0.8643210794124301,0.002673768663867953,0.0014867099933326244,0.0005980771079342523
geometric_shapes,0.025,perona_malik,exponential,0.05,1.0,1.0,0.2,5,1.0,10,4.675296790744315e-05,1.783080293169132e-06,0.016191279458770476,0.00030821100939139377,43.30473714996662,0.16504554801492113,0.969758434651564,0.001321188983876823,0.003950499996426516,0.0011497325001049404
geometric_shapes,0.025,perona_malik,exponential,0.05,1.0,1.0,0.2,10,2.0,10,1.763327560683677e-05,1.019799779474697e-06,0.009941448406571029,0.00028823053987393803,47.54325093459458,0.25247016853092463,0.9916060768046518,0.00047432211750746156,0.007469009989290498,0.001991527776466794
geometric_shapes,0.025,perona_malik,exponential,0.05,1.0,1.0,0.2,20,4.0,10,8.405620765441422e-06,8.182076310887653e-07,0.00685910783987041,0.0003346281297745437,50.7729196318394,0.424505815728539,0.9974381186586754,0.00023241862371446806,0.014696989994263276,0.0025635801053526487
geometric_shapes,0.025,perona_malik,exponential,0.05,1.0,1.0,0.2,40,8.0,10,4.422889499964388e-06,7.10937438106222e-07,0.004966620409844522,0.00039609389907888044,53.592303555998896,0.6868865737665518,0.9992175881076353,6.844649445833307e-05,0.027893689993652514,0.004890776017237444
geometric_shapes,0.025,perona_malik,exponential,0.05,1.0,1.0,0.2,80,16.0,10,2.4641056625600495e-06,6.350359225340825e-07,0.0036914101687595805,0.00046542245732090874,56.20545189028221,1.0723933552222555,0.9997565252900517,4.097230426597252e-05,0.054510289995232594,0.010827309691492811
geometric_shapes,0.025,perona_malik,exponential,0.1,1.0,1.0,0.2,0,0.0,10,0.0006251913397118361,6.60835613383293e-06,0.059217274529769645,0.0003124855871244131,32.04008792013384,0.04576383757196286,0.6646332492360639,0.0019699230728485594,0.0,0.0
geometric_shapes,0.025,perona_malik,exponential,0.1,1.0,1.0,0.2,1,0.2,10,0.00018133667671851273,3.0806087466706167e-06,0.03189158571297336,0.0002708214152980032,37.41570709741414,0.07374081738229474,0.8720135274227377,0.0017222490377124425,0.0006919699953868985,0.0001421628648684821
geometric_shapes,0.025,perona_malik,exponential,0.1,1.0,1.0,0.2,2,0.4,10,7.918882479998066e-05,2.1608452121066506e-06,0.021073789902389305,0.000288733322930553,41.01483255210424,0.11951012441902448,0.9445474401391001,0.0012180321172248977,0.0015577699959976599,0.0005073765321347244
geometric_shapes,0.025,perona_malik,exponential,0.1,1.0,1.0,0.2,5,1.0,10,3.133722640431757e-05,1.5780958163794615e-06,0.013254179153620977,0.00033501285983511905,45.04440074279398,0.22038962459708558,0.9825413615093087,0.0008175488913237454,0.003882999997586012,0.0010739422398623798
geometric_shapes,0.025,perona_malik,exponential,0.1,1.0,1.0,0.2,10,2.0,10,2.3562711268968083e-05,2.180864668085938e-06,0.011485303986488933,0.0005311165755337908,46.29444194803285,0.40116682021584604,0.9916415622330813,0.0005720786809236424,0.007215580000774935,0.0018051035037505937
geometric_shapes,0.025,perona_malik,exponential,0.1,1.0,1.0,0.2,20,4.0,10,6.263681548315334e-05,7.056707223586521e-06,0.018716254522959937,0.00107458256710689,42.057780919305934,0.5082355913336707,0.9865125602670733,0.001411773731410381,0.01364224000426475,0.0032968975485964517
geometric_shapes,0.025,perona_malik,exponential,0.1,1.0,1.0,0.2,40,8.0,10,0.00016525560431106845,4.077173581937038e-06,0.030443562414901693,0.00037724971552165063,37.81964198403592,0.10811738059484127,0.9687978780435212,0.0006655642868804462,0.028202260003308766,0.006330979797432469
geometric_shapes,0.025,perona_malik,exponential,0.1,1.0,1.0,0.2,80,16.0,10,0.0002675295950974498,2.7133550676074136e-06,0.03873720312404237,0.00019663377850431574,35.7264832334222,0.04413330942646956,0.9576384183706302,0.00024394143802360379,0.05545480000146199,0.010878355125506799
geometric_shapes,0.025,perona_malik,exponential,0.2,1.0,1.0,0.2,0,0.0,10,0.0006251913397118361,6.60835613383293e-06,0.059217274529769645,0.0003124855871244131,32.04008792013384,0.04576383757196286,0.6646332492360639,0.0019699230728485594,0.0,0.0
geometric_shapes,0.025,perona_malik,exponential,0.2,1.0,1.0,0.2,1,0.2,10,0.0001396011608625366,2.5968123457874104e-06,0.027981751526454417,0.00026097688032670097,38.551790955380326,0.0812364057227207,0.9012188780134981,0.001378366435762474,0.0006621600012294948,0.00018151758265955989
geometric_shapes,0.025,perona_malik,exponential,0.2,1.0,1.0,0.2,2,0.4,10,8.040013991821604e-05,2.276009144442334e-06,0.02123422653566939,0.00030126923606926646,40.94900793900353,0.12352397341410606,0.9504419693998226,0.00122372834037895,0.0013711300038266928,0.000322721363427505
geometric_shapes,0.025,perona_malik,exponential,0.2,1.0,1.0,0.2,5,1.0,10,7.772707053797119e-05,2.1241231987545185e-06,0.02087838766834708,0.00028562570032892535,41.095741087377924,0.11896102093199197,0.9741523659723574,0.0008386490878979261,0.003591580002103001,0.0006826709349946579
geometric_shapes,0.025,perona_malik,exponential,0.2,1.0,1.0,0.2,10,2.0,10,0.00010461612972633436,1.957571029616896e-06,0.024223089262389492,0.00022708773883117113,39.80470145521825,0.08159191953314973,0.9757495520382706,0.0005061520393400011,0.0072554899961687624,0.0016534857839393014
geometric_shapes,0.025,perona_malik,exponential,0.2,1.0,1.0,0.2,20,4.0,10,0.0001463662363334625,1.761043977477953e-06,0.028652381488251454,0.00017280135667229108,38.34587575104358,0.05251519020449324,0.9706661785958051,0.0003450959841200686,0.013702730005024932,0.0024121909899450797
geometric_shapes,0.025,perona_malik,exponential,0.2,1.0,1.0,0.2,40,8.0,10,0.0002075885071857539,1.578473917643338e-06,0.034122921199849644,0.00012985115202246157,36.82808021259693,0.03308323862918015,0.9627533153643568,0.0002170987043124046,0.027634589999797753,0.005905093693297042
geometric_shapes,0.025,perona_malik,exponential,0.2,1.0,1.0,0.2,80,16.0,10,0.0002951442534876939,1.8641045224266822e-06,0.040687648830559156,0.0001285822200335636,35.299734790352225,0.027469073024019186,0.9557126638452358,0.00013429479265775679,0.0544436099997256,0.011700294793234168
geometric_shapes,0.025,perona_malik,rational,0.025,1.0,1.0,0.2,0,0.0,10,0.0006251913397118361,6.60835613383293e-06,0.059217274529769645,0.0003124855871244131,32.04008792013384,0.04576383757196286,0.6646332492360639,0.0019699230728485594,0.0,0.0
geometric_shapes,0.025,perona_malik,rational,0.025,1.0,1.0,0.2,1,0.2,10,0.0004343361812320959,5.731287572918817e-06,0.049357358396062076,0.00032506114633889805,33.622078565455475,0.05710033127408474,0.7376057539074042,0.002263170885159756,0.0005215799988945946,0.00012493028316206512
geometric_shapes,0.025,perona_malik,rational,0.025,1.0,1.0,0.2,2,0.4,10,0.00029255968817963244,4.7672486688204545e-06,0.040508083740439176,0.00032941217177444787,35.33837144380151,0.07049871984635528,0.8065924549080925,0.002365903637248382,0.0010482500016223638,0.0003143948413754272
geometric_shapes,0.025,perona_malik,rational,0.025,1.0,1.0,0.2,5,1.0,10,8.390219545169203e-05,2.5562075995609814e-06,0.021691459924841488,0.00033011917160509117,40.76407607213137,0.13206164893151537,0.9413654745948824,0.001716189412037487,0.002648270002100617,0.0007895487567350708
geometric_shapes,0.025,perona_malik,rational,0.025,1.0,1.0,0.2,10,2.0,10,2.251194550885412e-05,1.237110225364467e-06,0.01123325340107902,0.00030953438905674367,46.48181518605319,0.24000643454232545,0.9884892181311317,0.0005733629156861338,0.005438080002204515,0.001406796451075874
geometric_shapes,0.025,perona_malik,rational,0.025,1.0,1.0,0.2,20,4.0,10,1.0396532295565188e-05,9.64647766759771e-07,0.007629124405397532,0.00035254943218696906,49.847750955092934,0.39961047722938936,0.9968164001537468,0.00018263144148215294,0.010759269999107346,0.0025587090862808997
geometric_shapes,0.025,perona_malik,rational,0.025,1.0,1.0,0.2,40,8.0,10,8.568626658473886e-06,1.1433194100526245e-06,0.0069189501027875685,0.00046017858557611364,50.70534850658292,0.5756404435379208,0.9984315054146805,0.000150179247469054,0.022967139998218044,0.008432483380865009
geometric_shapes,0.025,perona_malik,rational,0.025,1.0,1.0,0.2,80,16.0,10,1.5127830045020397e-05,1.5797982361535476e-06,0.009200369190654617,0.0004796139338687834,48.2234434020478,0.4522013466128551,0.9978357941000928,0.0001659373445626537,0.04424581999483053,0.01627043150720458
geometric_shapes,0.025,perona_malik,rational,0.05,1.0,1.0,0.2,0,0.0,10,0.0006251913397118361,6.60835613383293e-06,0.059217274529769645,0.0003124855871244131,32.04008792013384,0.04576383757196286,0.6646332492360639,0.0019699230728485594,0.0,0.0
geometric_shapes,0.025,perona_malik,rational,0.05,1.0,1.0,0.2,1,0.2,10,0.00027455159905623316,4.159458791682111e-06,0.039241734264341466,0.000296763421358436,35.61420679835129,0.06557713773108019,0.8160362761112172,0.002074422950416841,0.0005164399975910783,0.00017463334128575204
geometric_shapes,0.025,perona_malik,rational,0.05,1.0,1.0,0.2,2,0.4,10,0.00012476501086395754,2.715387401669223e-06,0.026452739200951463,0.0002878154679813081,39.039997221585594,0.0944913805101924,0.9110113437113977,0.0015611962658060672,0.001130910005304031,0.00031420143266118857
geometric_shapes,0.025,perona_malik,rational,0.05,1.0,1.0,0.2,5,1.0,10,3.6466998667635634e-05,1.6566678331567973e-06,0.014298678212588007,0.00032589502904878403,44.385069139516546,0.19862429755146813,0.9789003372340112,0.0008777287945960831,0.002954310001223348,0.0007303834644218171
geometric_shapes,0.025,perona_malik,rational,0.05,1.0,1.0,0.2,10,2.0,10,2.3483104965072345e-05,1.634474343871341e-06,0.01147068624667156,0.0003984967391634773,46.30186411171745,0.30114163327382365,0.9913618947730279,0.000451609192476642,0.006118040005094372,0.00127879255764478
geometric_shapes,0.025,perona_malik,rational,0.05,1.0,1.0,0.2,20,4.0,10,3.3715839677134015e-05,2.699497239980735e-06,0.01374201264843829,0.000551051365634953,44.73423834000853,0.3488441242000017,0.9926791210256999,0.0004767895141222747,0.011900030003744178,0.002702282139699138
geometric_shapes,0.025,perona_malik,rational,0.05,1.0,1.0,0.2,40,8.0,10,0.00010540177811696771,5.764877183547739e-06,0.024306581822868687,0.0006677839459772812,39.77743798146908,0.2397272157792979,0.9809095759183808,0.0009332033918699272,0.0233432700013509,0.007810410627169813
geometric_shapes,0.025,perona_malik,rational,0.05,1.0,1.0,0.2,80,16.0,10,0.00027178231298395866,4.476191558960878e-06,0.03904314011532499,0.0003213180087271969,35.65831733991872,0.0714403961083321,0.958575025967433,0.00034732297645823025,0.043569440001738256,0.011845366234314892
geometric_shapes,0.025,perona_malik,rational,0.1,1.0,1.0,0.2,0,0.0,10,0.0006251913397118361,6.60835613383293e-06,0.059217274529769645,0.0003124855871244131,32.04008792013384,0.04576383757196286,0.6646332492360639,0.0019699230728485594,0.0,0.0
geometric_shapes,0.025,perona_malik,rational,0.1,1.0,1.0,0.2,1,0.2,10,0.0001682314940771708,2.916911101451499e-06,0.030717534116996414,0.00026624932183080667,37.741514197105474,0.0752722934767944,0.8812695901258808,0.0014762108907764014,0.0005894699948839843,0.00021414486047884995
geometric_shapes,0.025,perona_malik,rational,0.1,1.0,1.0,0.2,2,0.4,10,8.098204283149218e-05,2.27428580242906e-06,0.021310961310240788,0.00029991652390890444,40.91766320067721,0.12250769222828341,0.9464448091184563,0.001180131759641047,0.0011515199992572888,0.0005558810336653138
geometric_shapes,0.025,perona_malik,rational,0.1,1.0,1.0,0.2,5,1.0,10,5.743924200245e-05,2.474561831873977e-06,0.017945724124227753,0.0003867365023995295,42.41154386557473,0.18724305552665865,0.978325006347899,0.0008544203445250545,0.0028746499941917137,0.0009398825103487523
geometric_shapes,0.025,perona_malik,rational,0.1,1.0,1.0,0.2,10,2.0,10,0.00010088521808735234,3.606451356671883e-06,0.02378476506908122,0.00042463509495926856,39.96421414918989,0.1548892243987221,0.9788657082459175,0.0006254088226611378,0.00520472000062,0.001110890617356005
geometric_shapes,0.025,perona_malik,rational,0.1,1.0,1.0,0.2,20,4.0,10,0.0002082716363712886,4.493499873676904e-06,0.03417746165448476,0.00036786938192388786,36.814602996490805,0.09328278974323019,0.9664493128684493,0.0005172012578172278,0.01016894000058528,0.0014163207806007585
geometric_shapes,0.025,perona_malik,rational,0.1,1.0,1.0,0.2,40,8.0,10,0.00045354874053676246,7.472405788057723e-06,0.05043663988074598,0.0004147845591363347,33.434288453779786,0.07131337955574317,0.9438543091532466,0.0004746719002625399,0.019444759999169038,0.0018535890859104338
geometric_shapes,0.025,perona_malik,rational,0.1,1.0,1.0,0.2,80,16.0,10,0.0012367046054096605,1.7204570283628626e-05,0.08328579278569033,0.000579009543191724,29.077717906497718,0.060354232002069345,0.902487645721363,0.0005541683874997463,0.03858744000026491,0.005219984769024609
geometric_shapes,0.025,perona_malik,rational,0.2,1.0,1.0,0.2,0,0.0,10,0.0006251913397118361,6.60835613383293e-06,0.059217274529769645,0.0003124855871244131,32.04008792013384,0.04576383757196286,0.6646332492360639,0.0019699230728485594,0.0,0.0
geometric_shapes,0.025,perona_malik,rational,0.2,1.0,1.0,0.2,1,0.2,10,0.00014893345868502553,2.8899050936762552e-06,0.028901814611395703,0.0002804967974902466,38.27081369788933,0.08432451297657616,0.9008281748372136,0.0013751680693857918,0.00044403999927453695,0.00013654518159958442
geometric_shapes,0.025,perona_malik,rational,0.2,1.0,1.0,0.2,2,0.4,10,0.00011147260093103451,2.806462841690217e-06,0.025003476054172052,0.00031521236462287014,39.52956220280072,0.10965797512843023,0.9476958698462388,0.0011847363552168002,0.0009941000025719404,0.00035340737329423626
geometric_shapes,0.025,perona_malik,rational,0.2,1.0,1.0,0.2,5,1.0,10,0.00021237146536904825,4.530466916958967e-06,0.034512246645819894,0.00036809733534935306,36.729927580584345,0.09263650971489369,0.9637886925797023,0.0007922814598518136,0.0025697799981571736,0.0006562262813694465
geometric_shapes,0.025,perona_malik,rational,0.2,1.0,1.0,0.2,10,2.0,10,0.000566899012106082,8.840612753843733e-06,0.056388219736888345,0.00043903601439568453,32.46541642562705,0.06752991292904185,0.9470596736380136,0.000649498517563404,0.0052058800036320465,0.0014017784076002639
geometric_shapes,0.025,perona_malik,rational,0.2,1.0,1.0,0.2,20,4.0,10,0.0018698272092379075,1.6815093260345207e-05,0.10241042470384318,0.0004604577619304452,27.28214327475292,0.039051570722951255,0.8937580579589651,0.0007243254442845799,0.01025804000091739,0.002632976964443097
geometric_shapes,0.025,perona_malik,rational,0.2,1.0,1.0,0.2,40,8.0,10,0.004551299266219344,1.5945286085740273e-05,0.1597770789630922,0.00027990008712592353,23.418670060466823,0.015216858147267427,0.808458162551951,0.0005111202575103351,0.01931880000629462,0.003552364996158627
geometric_shapes,0.025,perona_malik,rational,0.2,1.0,1.0,0.2,80,16.0,10,0.00755959968340041,1.6747263524646648e-05,0.20591905647301428,0.00022811641805301543,21.215021612549428,0.009623201903051784,0.7335999163448661,0.0002610345582745475,0.03968721000419464,0.005866793173231175
geometric_shapes,0.05,heat,,,1.0,1.0,0.2,0,0.0,10,0.0025007653588473445,2.6433424535331737e-05,0.11843454905953929,0.0006249711742488276,26.01948800685422,0.04576383757196211,0.3914002660434878,0.0016667228412779798,0.0,0.0
geometric_shapes,0.05,heat,,,1.0,1.0,0.2,1,0.2,10,0.0012771883450505054,1.2580601675027827e-05,0.08463891922950752,0.00041703656077722145,28.937640372271932,0.042815948877588855,0.6972979414507069,0.0032816110284047953,0.0001428699935786426,3.447972697215647e-05
geometric_shapes,0.05,heat,,,1.0,1.0,0.2,2,0.4,10,0.0013770326285980302,1.2202756998758108e-05,0.08788518286541003,0.0003893217936073776,28.61071107479974,0.038469506346676896,0.8053232161557803,0.003319184625333193,0.00024846000305842606,5.052458531317314e-05
geometric_shapes,0.05,heat,,,1.0,1.0,0.2,5,1.0,10,0.0021284494439412264,1.5145336903264025e-05,0.10926387154839201,0.00038805641447851776,26.719465096898396,0.030793890033774366,0.8635823689122265,0.002533879110153287,0.0005473099998198449,7.961356848275204e-05
geometric_shapes,0.05,heat,,,1.0,1.0,0.2,10,2.0,10,0.0029919188766250305,1.7524413191693083e-05,0.12954498821377636,0.000378852349138882,25.240568656984234,0.025365839578047333,0.8564403067987773,0.0015186294430077063,0.0010201799974311142,0.00010433086772006325
geometric_shapes,0.05,heat,,,1.0,1.0,0.2,20,4.0,10,0.0042381542446678164,2.030256034558502e-05,0.15418234266128517,0.0003690237740669737,23.728277173841214,0.020773508990516384,0.8196983944876909,0.001004705721656488,0.0019630299997515977,0.00013686661546201786
geometric_shapes,0.05,heat,,,1.0,1.0,0.2,40,8.0,10,0.006012635933573351,2.4792823339255026e-05,0.183644955828205,0.0003785264219333446,22.209384125728732,0.017898555006419604,0.7681379306747845,0.0005997966006631418,0.003994689998216927,0.00034745437600822084
geometric_shapes,0.05,heat,,,1.0,1.0,0.2,80,16.0,10,0.008556942298339275,3.247692976701335e-05,0.21908163743224893,0.00041577219435851525,20.676842121593403,0.016484927326154208,0.7154264425184289,0.0004567787938683039,0.007777859998168424,0.0003967384322801271
geometric_shapes,0.05,noisy,,,1.0,1.0,0.2,0,0.0,10,0.0025007653588473445,2.6433424535331737e-05,0.11843454905953929,0.0006249711742488276,26.01948800685422,0.04576383757196211,0.3914002660434878,0.0016667228412779798,0.0,0.0
geometric_shapes,0.05,perona_malik,exponential,0.025,1.0,1.0,0.2,0,0.0,10,0.0025007653588473445,2.6433424535331737e-05,0.11843454905953929,0.0006249711742488276,26.01948800685422,0.04576383757196211,0.3914002660434878,0.0016667228412779798,0.0,0.0
geometric_shapes,0.05,perona_malik,exponential,0.025,1.0,1.0,0.2,1,0.2,10,0.0024495867318830057,2.66381722864666e-05,0.11721630623451243,0.0006363211947577082,26.10930191578791,0.047076547498267174,0.39532468737100646,0.001722542763381343,0.0005591299996012822,0.00010045116260681846
geometric_shapes,0.05,perona_malik,exponential,0.025,1.0,1.0,0.2,2,0.4,10,0.0024027964250641965,2.6767384177040925e-05,0.11609134037787883,0.0006455722204870413,26.193071699690655,0.04822145624231845,0.39902931516171714,0.0017723093325265047,0.00102317999699153,0.00017672577844036032
geometric_shapes,0.05,perona_malik,exponential,0.025,1.0,1.0,0.2,5,1.0,10,0.0022838711376444534,2.686166617751769e-05,0.1131817600628497,0.0006644408969530959,26.41355313543812,0.05090227651782641,0.4090015479303334,0.0019005578313722954,0.00246478000190109,0.0005229057795147582
geometric_shapes,0.05,perona_malik,exponential,0.025,1.0,1.0,0.2,10,2.0,10,0.002130748401883574,2.6834390782833153e-05,0.10932154103483535,0.0006871457578259308,26.714986754850223,0.05449599728613749,0.4232162275041086,0.0020690806800774506,0.005090840000775643,0.0011834433751288249
geometric_shapes,0.05,perona_malik,exponential,0.025,1.0,1.0,0.2,20,4.0,10,0.0019107022664706362,2.6830038716640302e-05,0.10352239134188042,0.0007253464086602563,27.188453059206843,0.06073389677776534,0.4468994441393524,0.0024028245394205647,0.010115349999978207,0.0014508244523341457
geometric_shapes,0.05,perona_malik,exponential,0.025,1.0,1.0,0.2,40,8.0,10,0.001622491092451253,2.8831792830047726e-05,0.09539446907430858,0.0008453295090289373,27.898789530205686,0.07676273833530692,0.4852131185103808,0.0033659332161067195,0.020330420005484483,0.0025205306360128075
geometric_shapes,0.05,perona_malik,exponential,0.025,1.0,1.0,0.2,80,16.0,10,0.0013308475580567185,3.0803191522301046e-05,0.08639433663570216,0.0010015312894071492,28.75976857247847,0.10086129700791564,0.5326517934933377,0.005594145502100445,0.041242050004075284,0.00631840938259988
geometric_shapes,0.05,perona_malik,exponential,0.05,1.0,1.0,0.2,0,0.0,10,0.0025007653588473445,2.6433424535331737e-05,0.11843454905953929,0.0006249711742488276,26.01948800685422,0.04576383757196211,0.3914002660434878,0.0016667228412779798,0.0,0.0
geometric_shapes,0.05,perona_malik,exponential,0.05,1.0,1.0,0.2,1,0.2,10,0.002191992815704096,2.7118723731319354e-05,0.11088160190595582,0.000684701972757843,26.591906469745588,0.05354169817780521,0.4168641307537027,0.0020742663556848283,0.0007587699976284057,0.0003533250298544384
geometric_shapes,0.05,perona_malik,exponential,0.05,1.0,1.0,0.2,2,0.4,10,0.001919051643414802,2.755969565280074e-05,0.1037482246624876,0.0007435377717624792,27.169534369526197,0.06212882992469239,0.4443202064862037,0.0025549009833941783,0.001563509993138723,0.000804173377424564
geometric_shapes,0.05,perona_malik,exponential,0.05,1.0,1.0,0.2,5,1.0,10,0.0012864788098264095,2.7132635243856785e-05,0.08494289364979588,0.0008940106888301623,28.906838412119903,0.09123789963748695,0.5359387331681396,0.004307232726790327,0.0032915299903834238,0.0014859372986255983
geometric_shapes,0.05,perona_malik,exponential,0.05,1.0,1.0,0.2,10,2.0,10,0.0007039239725912194,2.1717033496994867e-05,0.06282951833124403,0.0009694942583890779,31.52660408972546,0.134077161221305,0.6830666947966109,0.006958641568183796,0.006010219999006949,0.003163176253172305
geometric_shapes,0.05,perona_malik,exponential,0.05,1.0,1.0,0.2,20,4.0,10,0.0003601655103156931,1.8440897535754634e-05,0.04493337494898171,0.00115639282898541,34.4401741401972,0.22474715340567594,0.8190002577497756,0.008456224035402202,0.011137779997079633,0.003665599688650401
geometric_shapes,0.05,perona_malik,exponential,0.05,1.0,1.0,0.2,40,8.0,10,0.00022809079355315797,1.6844017561741988e-05,0.03574617494729726,0.001333206388496903,36.42986952885836,0.32740877792937234,0.8832797634812174,0.008717133160408811,0.025017389992717652,0.011091397883395821
geometric_shapes,0.05,perona_malik,exponential,0.05,1.0,1.0,0.2,80,16.0,10,0.00016116042837219891,1.3705795996617868e-05,0.03004112527167746,0.001290579419516894,37.9419398342499,0.37716983493437517,0.9180337140127973,0.008201548693103423,0.04444399999629241,0.015162386835376334
geometric_shapes,0.05,perona_malik,exponential,0.1,1.0,1.0,0.2,0,0.0,10,0.0025007653588473445,2.6433424535331737e-05,0.11843454905953929,0.0006249711742488276,26.01948800685422,0.04576383757196211,0.3914002660434878,0.0016667228412779798,0.0,0.0
geometric_shapes,0.05,perona_malik,exponential,0.1,1.0,1.0,0.2,1,0.2,10,0.001426720739335316,2.217538018890324e-05,0.0894550999248062,0.0006940009963422485,28.457080214196132,0.06726915865425909,0.5063315320952765,0.003047210246102577,0.0006041600019671023,0.00017469185404091436
geometric_shapes,0.05,perona_malik,exponential,0.1,1.0,1.0,0.2,2,0.4,10,0.0007833886041981039,1.7058390900977747e-05,0.06628464433592975,0.0007202706829741487,31.061149314299122,0.09419867233773081,0.6438572831929442,0.0046245739754466764,0.0011253400036366657,0.00032008536437440083
geometric_shapes,0.05,perona_malik,exponential,0.1,1.0,1.0,0.2,5,1.0,10,0.00019353165996760616,8.354785417867684e-06,0.03294071996042704,0.0007081640372950409,37.13608240946871,0.1859627519562862,0.8936245400653864,0.00418687713370306,0.002602610003668815,0.0005805965198444939
geometric_shapes,0.05,perona_malik,exponential,0.1,1.0,1.0,0.2,10,2.0,10,8.523181415787434e-05,6.816320226965329e-06,0.021849381992793404,0.0008692349048161824,40.70630485251814,0.34363519659232517,0.9650190655535553,0.0018822164765754078,0.005204580002464354,0.0007313613137364968
geometric_shapes,0.05,perona_malik,exponential,0.1,1.0,1.0,0.2,20,4.0,10,9.280526575944471e-05,1.2757196846837426e-05,0.022765127190540198,0.001600309547122281,40.36343828122985,0.6243260132248545,0.9778948635261141,0.002571299337337401,0.010172630002489313,0.0010870586868749427
geometric_shapes,0.05,perona_malik,exponential,0.1,1.0,1.0,0.2,40,8.0,10,0.00017637608381069857,9.284683140951928e-06,0.03144335612779917,0.0008366877454988348,37.54117725651387,0.23362790691677254,0.966848896562392,0.0015195607572932113,0.020669590003672057,0.002917858917447206
geometric_shapes,0.05,perona_malik,exponential,0.1,1.0,1.0,0.2,80,16.0,10,0.00027346625431937333,5.698222962204843e-06,0.039163179205739536,0.00040897563691223536,35.63181637851075,0.0909160242065053,0.9570034038061681,0.0005368445339804783,0.04050233000307344,0.005982677439409758
geometric_shapes,0.05,perona_malik,exponential,0.2,1.0,1.0,0.2,0,0.0,10,0.0025007653588473445,2.6433424535331737e-05,0.11843454905953929,0.0006249711742488276,26.01948800685422,0.04576383757196211,0.3914002660434878,0.0016667228412779798,0.0,0.0
geometric_shapes,0.05,perona_malik,exponential,0.2,1.0,1.0,0.2,1,0.2,10,0.0007263716868967966,1.260378815890256e-05,0.06382813289333991,0.0005534579150039949,31.388998459438966,0.07527442486837355,0.6541665357341175,0.00320193465634964,0.0007284099963726475,0.0002350604560353265
geometric_shapes,0.05,perona_malik,exponential,0.2,1.0,1.0,0.2,2,0.4,10,0.00032446369102090753,8.941098521102908e-06,0.04265727700526683,0.0005893692617162163,34.88983390005966,0.12033945250751085,0.8169054562807881,0.0033404593393687363,0.0015315700002247468,0.0006732812439851792
geometric_shapes,0.05,perona_malik,exponential,0.2,1.0,1.0,0.2,5,1.0,10,0.00016181334862420531,6.451421056090168e-06,0.030121492527466782,0.0006020700522037012,37.912984728808176,0.17405368209730165,0.9283456374346551,0.0027838034153642287,0.0035089100012555717,0.0014539311973094094
geometric_shapes,0.05,perona_malik,exponential,0.2,1.0,1.0,0.2,10,2.0,10,0.00014628196441350105,5.1318244342804865e-06,0.028640618143939766,0.0005034770385909439,38.35051111580972,0.15301067554625958,0.9579051935434526,0.0014807259014566127,0.006336090003605932,0.0028808473879173833
geometric_shapes,0.05,perona_malik,exponential,0.2,1.0,1.0,0.2,20,4.0,10,0.0001677759363966219,4.3484189389646295e-06,0.030674616753199553,0.0003990422338732922,37.75402953156821,0.11342521523593399,0.9645361971008228,0.0008019780141103953,0.0121201000030851,0.005466779272697764
geometric_shapes,0.05,perona_malik,exponential,0.2,1.0,1.0,0.2,40,8.0,10,0.0002187303723434536,3.590114229344157e-06,0.035025851595444156,0.0002881152291627952,36.60143883486141,0.07161433920250944,0.9607754791106595,0.0004918199926948904,0.022948310000356287,0.009244904188496043
geometric_shapes,0.05,perona_malik,exponential,0.2,1.0,1.0,0.2,80,16.0,10,0.0003006503693037426,3.691477045370393e-06,0.04106490958083912,0.0002523554940663153,35.21967799276672,0.05343025131689111,0.9550919189410022,0.00030014567981089636,0.04413237000408117,0.017532068345111538
geometric_shapes,0.05,perona_malik,rational,0.025,1.0,1.0,0.2,0,0.0,10,0.0025007653588473445,2.6433424535331737e-05,0.11843454905953929,0.0006249711742488276,26.01948800685422,0.04576383757196211,0.3914002660434878,0.0016667228412779798,0.0,0.0
geometric_shapes,0.05,perona_malik,rational,0.025,1.0,1.0,0.2,1,0.2,10,0.0022000832278465223,2.5681334964253932e-05,0.11108624861990693,0.0006472501952077697,26.575873981332325,0.050522435534191584,0.41552909982013936,0.0019383472817358068,0.0004388800007291138,0.00016023866493252418
geometric_shapes,0.05,perona_malik,rational,0.025,1.0,1.0,0.2,2,0.4,10,0.0019257946772316642,2.4759093496863647e-05,0.1039308131890875,0.0006668686838787888,27.154221626325686,0.0556295397648352,0.44205310343391124,0.0022460405809807266,0.0007774199970299378,0.0002885599420656988
geometric_shapes,0.05,perona_malik,rational,0.025,1.0,1.0,0.2,5,1.0,10,0.0012502701583571782,2.1334387588102305e-05,0.08374042253131038,0.0007129442664862231,29.030527152456806,0.07379067597891102,0.5364322430280766,0.0033543394440080383,0.001869350002380088,0.0008259515775717767
geometric_shapes,0.05,perona_malik,rational,0.025,1.0,1.0,0.2,10,2.0,10,0.0005491922114738691,1.4892324475678574e-05,0.05549754828635506,0.0007508220387672138,32.60418497710524,0.11725501823870836,0.7238538180083451,0.0052805114592428025,0.0037500700040254743,0.001389235193412528
geometric_shapes,0.05,perona_malik,rational,0.025,1.0,1.0,0.2,20,4.0,10,0.00010897106609667551,6.582437664363064e-06,0.02471304727978619,0.0007432076636333173,39.633935587031786,0.2600515584227152,0.9463112559967579,0.003401125402262108,0.007304520002799108,0.0020863317961091095
geometric_shapes,0.05,perona_malik,rational,0.025,1.0,1.0,0.2,40,8.0,10,2.9001886266259707e-05,3.402894538064626e-06,0.012735136399647596,0.000738897233601807,45.40182687479363,0.49803814930784795,0.9935579640502228,0.0005496556442331931,0.015087340003810823,0.004767105811861483
geometric_shapes,0.05,perona_malik,rational,0.025,1.0,1.0,0.2,80,16.0,10,2.4310499217305097e-05,3.7167242602609173e-06,0.011647512950419376,0.0008793676315410653,46.186188592683166,0.6476627752567949,0.9966729033065247,0.0003776572203569976,0.028848510002717376,0.009419092805450687
geometric_shapes,0.05,perona_malik,rational,0.05,1.0,1.0,0.2,0,0.0,10,0.0025007653588473445,2.6433424535331737e-05,0.11843454905953929,0.0006249711742488276,26.01948800685422,0.04576383757196211,0.3914002660434878,0.0016667228412779798,0.0,0.0
geometric_shapes,0.05,perona_malik,rational,0.05,1.0,1.0,0.2,1,0.2,10,0.001738020307284305,2.2994927316320066e-05,0.09873389791246752,0.0006519459903334774,27.599791947167,0.057246902189886664,0.4627169081722407,0.0023911738927747577,0.0005830399953993037,0.0002772689461001761
geometric_shapes,0.05,perona_malik,rational,0.05,1.0,1.0,0.2,2,0.4,10,0.0011717306312693668,1.9204022593742325e-05,0.08106776525427542,0.000662990628521552,29.31224429981777,0.07089124720014464,0.5493540487426716,0.0032231493647599013,0.001132709998637438,0.000567210477257574
geometric_shapes,0.05,perona_malik,rational,0.05,1.0,1.0,0.2,5,1.0,10,0.0003395432659873296,1.0679013445073487e-05,0.043636185595072444,0.0006850466350505237,34.69297310750143,0.13612515648337073,0.8117712948877545,0.004544716615624286,0.0024232199997641147,0.000864064380296204
geometric_shapes,0.05,perona_malik,rational,0.05,1.0,1.0,0.2,10,2.0,10,9.790998790945998e-05,5.7992905049845385e-06,0.023425555223271322,0.0006930376877843717,40.098565270349845,0.2566624438367126,0.9550544965055401,0.00211580839110304,0.004825059999711811,0.002047916400055455
geometric_shapes,0.05,perona_malik,rational,0.05,1.0,1.0,0.2,20,4.0,10,6.408924616477284e-05,6.571494079272882e-06,0.01893775674829958,0.0009693446652689852,41.95258882933676,0.4436873513802559,0.9832072009619148,0.0011740593753160754,0.00878703999624122,0.003833279444764129
geometric_shapes,0.05,perona_malik,rational,0.05,1.0,1.0,0.2,40,8.0,10,0.0001213789292871954,1.1779206387865848e-05,0.026064677054096506,0.0012743783174594837,39.17733720726717,0.42788059674724666,0.9779409440976735,0.0018597811285275794,0.01535882000462152,0.004615681779993295
geometric_shapes,0.05,perona_malik,rational,0.05,1.0,1.0,0.2,80,16.0,10,0.00027857006431971395,9.323708345503588e-06,0.03952392368896403,0.0006603714317202203,35.55283543523949,0.14490099455740857,0.9578560564520486,0.0007327300231473006,0.028802690003067254,0.006676561640547244
geometric_shapes,0.05,perona_malik,rational,0.1,1.0,1.0,0.2,0,0.0,10,0.0025007653588473445,2.6433424535331737e-05,0.11843454905953929,0.0006249711742488276,26.01948800685422,0.04576383757196211,0.3914002660434878,0.0016667228412779798,0.0,0.0
geometric_shapes,0.05,perona_malik,rational,0.1,1.0,1.0,0.2,1,0.2,10,0.001099510605579473,1.6904645295573303e-05,0.07852999784268379,0.0006025732721511483,29.5884654590425,0.06652467786008469,0.5619264027341729,0.002965382138705926,0.00041795999859459696,8.535623760692955e-05
geometric_shapes,0.05,perona_malik,rational,0.1,1.0,1.0,0.2,2,0.4,10,0.0005033598721324047,1.1282609392734086e-05,0.05313273519278463,0.0005949494906747715,32.982193631679316,0.09717296501284317,0.7350503561664301,0.0035387721769786214,0.0008289099961984903,0.00024161656025077687
geometric_shapes,0.05,perona_malik,rational,0.1,1.0,1.0,0.2,5,1.0,10,0.00016468270753255504,7.441962050580013e-06,0.030385841405189823,0.0006878091026293768,37.83752936486506,0.19693415736513223,0.9200291982593569,0.002973610103097964,0.002040900001884438,0.000644834930655479
geometric_shapes,0.05,perona_malik,rational,0.1,1.0,1.0,0.2,10,2.0,10,0.0001473365952071232,8.119106484272447e-06,0.028737876073468477,0.0007910455435929473,38.32281152811244,0.23883575554930547,0.9586534007091215,0.0017058638937877918,0.004054439996252768,0.0011797173719653132
geometric_shapes,0.05,perona_malik,rational,0.1,1.0,1.0,0.2,20,4.0,10,0.0002312489525207323,9.715493419764243e-06,0.036008228456645835,0.0007532860998238755,36.36261367667524,0.18096214215224218,0.9600456537401089,0.0011112151013367932,0.007436869997764006,0.0012979325393939446
geometric_shapes,0.05,perona_malik,rational,0.1,1.0,1.0,0.2,40,8.0,10,0.0004660440155721143,1.5533002377970733e-05,0.0511218995377324,0.0008487726966308037,33.31788016706504,0.14368887673662237,0.9418949473030871,0.0009795083687713399,0.013754199995310046,0.002068316894716982
geometric_shapes,0.05,perona_malik,rational,0.1,1.0,1.0,0.2,80,16.0,10,0.0012453619349456799,3.4932872402157056e-05,0.08357123844575413,0.0011705245597677203,29.048576339478398,0.12150634353238096,0.901828944657816,0.0011179343028261495,0.027854279993334785,0.006191701064441005
geometric_shapes,0.05,perona_malik,rational,0.2,1.0,1.0,0.2,0,0.0,10,0.0025007653588473445,2.6433424535331737e-05,0.11843454905953929,0.0006249711742488276,26.01948800685422,0.04576383757196211,0.3914002660434878,0.0016667228412779798,0.0,0.0
geometric_shapes,0.05,perona_malik,rational,0.2,1.0,1.0,0.2,1,0.2,10,0.0006783088048899086,1.2156954477539882e-05,0.06168015337532025,0.000552188913567777,31.686351563500313,0.07768420984669036,0.671250523009154,0.002915846872465602,0.0005079900030978024,0.00027047841630247366
geometric_shapes,0.05,perona_malik,rational,0.2,1.0,1.0,0.2,2,0.4,10,0.0003430779184689445,9.41577704833393e-06,0.04386386228316298,0.0006027070107186329,34.647549393027276,0.1194962153626643,0.8221933754204379,0.003176930686915386,0.0010703800042392686,0.0006350621739703264
geometric_shapes,0.05,perona_malik,rational,0.2,1.0,1.0,0.2,5,1.0,10,0.00030021761931492647,1.0347823941430111e-05,0.0410305475798715,0.000707838935176934,35.22796620438673,0.1500002479486333,0.919668808679258,0.0026218960175158493,0.002580500004114583,0.0019423954636355683
geometric_shapes,0.05,perona_malik,rational,0.2,1.0,1.0,0.2,10,2.0,10,0.0006143006379051494,1.822451475539084e-05,0.05869418591374044,0.0008684390301278845,32.11789877273333,0.12819676789883735,0.9303468091721848,0.0016026691807998251,0.004250899999169633,0.0024284752318537027
geometric_shapes,0.05,perona_malik,rational,0.2,1.0,1.0,0.2,20,4.0,10,0.0018939128632261496,3.408582958839903e-05,0.10306508297861057,0.0009273082376123139,27.227032805926125,0.0781374706084243,0.8884231787333142,0.0015058122572324615,0.008409080002456904,0.0042926541900861976
geometric_shapes,0.05,perona_malik,rational,0.2,1.0,1.0,0.2,40,8.0,10,0.004560818857789613,3.236220714837128e-05,0.1599434029663791,0.0005675035544034574,23.409670183611688,0.03082163353600917,0.806931463486334,0.001044135355628762,0.015440769999986514,0.007208578009169611
geometric_shapes,0.05,perona_malik,rational,0.2,1.0,1.0,0.2,80,16.0,10,0.007564836722211726,3.382881329699934e-05,0.20599002123203639,0.0004606590466395155,21.212043512387147,0.019427876514955953,0.7331480507871275,0.0005198560315584696,0.0312094100023387,0.011426393086558143
geometric_shapes,0.1,heat,,,1.0,1.0,0.2,0,0.0,10,0.010003061435389378,0.00010573369814132689,0.23686909811907858,0.0012499423484976517,19.998888093574596,0.045763837571961924,0.21679007188352925,0.0012876091396259986,0.0,0.0
geometric_shapes,0.1,heat,,,1.0,1.0,0.2,1,0.2,10,0.002796625108372269,4.260202220052423e-05,0.12524289773326755,0.000956532623894006,25.534114280825587,0.06651831425897278,0.430592243854404,0.0035408559230141355,0.0001673299935646355,7.046578149335508e-05
geometric_shapes,0.1,heat,,,1.0,1.0,0.2,2,0.4,10,0.0021262711139655873,3.538898371632424e-05,0.10920515604561834,0.0009095375728079866,26.7243561567738,0.07240070929174183,0.5827645124973236,0.00537149853716804,0.0002826999960234389,0.00010791143217823054
geometric_shapes,0.1,heat,,,1.0,1.0,0.2,5,1.0,10,0.0024255840054765647,3.5732332979269126e-05,0.11663932499859342,0.000856701334978646,26.15225771667121,0.06361571565940181,0.7506370612342611,0.006353509215792275,0.000602569998591207,0.00015079578523137356
geometric_shapes,0.1,heat,,,1.0,1.0,0.2,10,2.0,10,0.0031435783948837435,3.8354192243464616e-05,0.13278600224393214,0.0008077749457736281,25.02604579280012,0.05269037565481823,0.805796725713282,0.004060907047123122,0.001106899994192645,0.00022696630632840057
geometric_shapes,0.1,heat,,,1.0,1.0,0.2,20,4.0,10,0.004317145505714843,4.3131254680265556e-05,0.15561120406848095,0.0007760367877042323,23.648227338347215,0.043244682834630246,0.8017126418828975,0.0023192881891429904,0.0020583099976647645,0.0002626201040401913
geometric_shapes,0.1,heat,,,1.0,1.0,0.2,40,8.0,10,0.0060549609643743545,5.1726644251417445e-05,0.18428903393231127,0.0007866386536948783,22.17902889049255,0.037050518714991904,0.7625360753715276,0.0012818669382673993,0.0040324499947018925,0.0004354298949837229
geometric_shapes,0.1,heat,,,1.0,1.0,0.2,80,16.0,10,0.00857952029976561,6.650330631273882e-05,0.21936934970235217,0.0008502149913629265,20.66548736412775,0.033664356155436136,0.7137693473425177,0.0008991044050379833,0.007695679998141714,0.0005819472014723349
geometric_shapes,0.1,noisy,,,1.0,1.0,0.2,0,0.0,10,0.010003061435389378,0.00010573369814132689,0.23686909811907858,0.0012499423484976517,19.998888093574596,0.045763837571961924,0.21679007188352925,0.0012876091396259986,0.0,0.0
geometric_shapes,0.1,perona_malik,exponential,0.025,1.0,1.0,0.2,0,0.0,10,0.010003061435389378,0.00010573369814132689,0.23686909811907858,0.0012499423484976517,19.998888093574596,0.045763837571961924,0.21679007188352925,0.0012876091396259986,0.0,0.0
geometric_shapes,0.1,perona_malik,exponential,0.025,1.0,1.0,0.2,1,0.2,10,0.009975456346432456,0.00010589138382575145,0.23654200747564716,0.0012535267366511251,20.010891583075505,0.045958148517313405,0.21705570315539827,0.0012905301292404623,0.0005169099982595071,0.00010687886328056704
geometric_shapes,0.1,perona_malik,exponential,0.025,1.0,1.0,0.2,2,0.4,10,0.009950244349845616,0.00010605050390705973,0.23624287576991665,0.0012569898052994073,20.021883619402534,0.046143100199930245,0.21729868125651253,0.001292921914991879,0.0009466499992413447,0.00018579677492454037
geometric_shapes,0.1,perona_malik,exponential,0.025,1.0,1.0,0.2,5,1.0,10,0.00988756863898867,0.00010662842719586135,0.23549759266616807,0.0012678128091736342,20.04933121102478,0.046686725009891156,0.21790279869305113,0.001300648552726876,0.00222747000225354,0.0003079854705091648
geometric_shapes,0.1,perona_malik,exponential,0.025,1.0,1.0,0.2,10,2.0,10,0.009811935088684855,0.00010725483301661322,0.2345950770452058,0.001280149143840983,20.08268586283041,0.04732172502456921,0.21863210789239712,0.0013094768616360981,0.004956569999922067,0.0018243307482251423
geometric_shapes,0.1,perona_malik,exponential,0.025,1.0,1.0,0.2,20,4.0,10,0.009712638544519838,0.00010836093630910257,0.23340487989793363,0.0012999349306102572,20.126869953027864,0.04829777179284987,0.21959556969299468,0.0013316627883637423,0.009765430001425556,0.0038217662709297733
geometric_shapes,0.1,perona_malik,exponential,0.025,1.0,1.0,0.2,40,8.0,10,0.009590922560331654,0.00010889866322645593,0.2319376720223938,0.0013146597394672194,20.181647040962286,0.04915424113603583,0.22080713824089365,0.0013430999433812398,0.02055771000450477,0.01020788363591086
geometric_shapes,0.1,perona_malik,exponential,0.025,1.0,1.0,0.2,80,16.0,10,0.009448498036614197,0.0001105951659828517,0.2302088928595011,0.00134517661779894,20.246638857214844,0.050673369380456,0.2222592285500614,0.0013497878175743887,0.038483830002951434,0.01482490949979176
geometric_shapes,0.1,perona_malik,exponential,0.05,1.0,1.0,0.2,0,0.0,10,0.010003061435389378,0.00010573369814132689,0.23686909811907858,0.0012499423484976517,19.998888093574596,0.045763837571961924,0.21679007188352925,0.0012876091396259986,0.0,0.0
geometric_shapes,0.1,perona_malik,exponential,0.05,1.0,1.0,0.2,1,0.2,10,0.009798230234739283,0.00010651962679438898,0.23443121828505156,0.0012722662644651089,20.088753592922696,0.04706332884695821,0.2187697446024388,0.0013148494579105065,0.0006241399969439954,0.0001704900131379989
geometric_shapes,0.1,perona_malik,exponential,0.05,1.0,1.0,0.2,2,0.4,10,0.00961106074210091,0.0001070698233373984,0.23218117119762063,0.0012911783864734037,20.172528269412545,0.04822386471666053,0.22064011817558,0.0013406799524167555,0.0010839599999599159,0.00026178261139800195
geometric_shapes,0.1,perona_malik,exponential,0.05,1.0,1.0,0.2,5,1.0,10,0.009135758153223861,0.00010780227562616529,0.22636688648310543,0.0013333133168577601,20.392824952253818,0.05107331382339421,0.22569356625735965,0.0014159566477447566,0.0022903700009919703,0.00031554646165725126
geometric_shapes,0.1,perona_malik,exponential,0.05,1.0,1.0,0.2,10,2.0,10,0.008524670358861343,0.0001082013519135921,0.21866452630140715,0.0013853133622459145,20.693537447504816,0.05493158633801276,0.23298000818377013,0.0015256665567496075,0.004455780002172105,0.000552303232451845
geometric_shapes,0.1,perona_malik,exponential,0.05,1.0,1.0,0.2,20,4.0,10,0.007648549301592962,0.00010901455173900339,0.2071223799953546,0.0014732705200487576,21.16460430889871,0.061665544077954895,0.24552313474664653,0.0017824547835031377,0.008725249994313344,0.0009937713886811223
geometric_shapes,0.1,perona_malik,exponential,0.05,1.0,1.0,0.2,40,8.0,10,0.006504561905844387,0.00011820050574582818,0.19100307612293152,0.001730659309487057,21.868460083175314,0.07848283042743051,0.2674895075124814,0.002479969490191439,0.01726044999959413,0.001718511243348137
geometric_shapes,0.1,perona_malik,exponential,0.05,1.0,1.0,0.2,80,16.0,10,0.005351314045106327,0.00012142143238054902,0.1732416746864432,0.0019683112828596493,22.7164056674993,0.09882854292297745,0.29851033364136226,0.004055584383772014,0.03367432999657467,0.0021613710790350242
geometric_shapes,0.1,perona_malik,exponential,0.1,1.0,1.0,0.2,0,0.0,10,0.010003061435389378,0.00010573369814132689,0.23686909811907858,0.0012499423484976517,19.998888093574596,0.045763837571961924,0.21679007188352925,0.0012876091396259986,0.0,0.0
geometric_shapes,0.1,perona_malik,exponential,0.1,1.0,1.0,0.2,1,0.2,10,0.00876684484765015,0.00010876322267200477,0.22174893705860868,0.0013731636158507091,20.571866207600547,0.05369338879030384,0.22979044317380373,0.0015015128239565954,0.0005875199945876375,9.487650282896078e-05
geometric_shapes,0.1,perona_malik,exponential,0.1,1.0,1.0,0.2,2,0.4,10,0.007674789827714024,0.00011094923956036804,0.20747723611896834,0.00149685991913599,21.14974145901175,0.06254602355586675,0.24433875732949203,0.0017940098001178403,0.0010665499954484402,0.00019062321859480576
geometric_shapes,0.1,perona_malik,exponential,0.1,1.0,1.0,0.2,5,1.0,10,0.005146943589312404,0.00011031862568922933,0.16990248335349284,0.0018173038948674578,22.885399082732913,0.09272334760747111,0.2997449307750685,0.0032343836055220517,0.0023697800002992152,0.000442737357640696
geometric_shapes,0.1,perona_malik,exponential,0.1,1.0,1.0,0.2,10,2.0,10,0.0028239344192839536,8.839502546278968e-05,0.12584237328685963,0.0019678498591666166,25.493364313213327,0.1357134981277854,0.428999578793301,0.00752529574347917,0.0046493800007738175,0.0008964783398375955
geometric_shapes,0.1,perona_malik,exponential,0.1,1.0,1.0,0.2,20,4.0,10,0.0014658286349207115,7.917964567831502e-05,0.09064548707074044,0.002450610825005094,28.34488477133441,0.235088586636561,0.6253694703701798,0.013707838399183835,0.008620219997828827,0.0012515362020441884
geometric_shapes,0.1,perona_malik,exponential,0.1,1.0,1.0,0.2,40,8.0,10,0.0010068251663792886,7.41102061535046e-05,0.07510337724909458,0.0027661216446747444,29.98106819546671,0.3203052790121003,0.7432386805332415,0.0161984741019023,0.01750047999958042,0.0021999266896556065
geometric_shapes,0.1,perona_malik,exponential,0.1,1.0,1.0,0.2,80,16.0,10,0.0008468891150897216,6.113061144921833e-05,0.06888240976715464,0.0024757984328484714,30.731805259642766,0.3110685911432103,0.8051201557495002,0.015578985864994534,0.034579049996682446,0.0034932320033956785
geometric_shapes,0.1,perona_malik,exponential,0.2,1.0,1.0,0.2,0,0.0,10,0.010003061435389378,0.00010573369814132689,0.23686909811907858,0.0012499423484976517,19.998888093574596,0.045763837571961924,0.21679007188352925,0.0012876091396259986,0.0,0.0
geometric_shapes,0.1,perona_malik,exponential,0.2,1.0,1.0,0.2,1,0.2,10,0.005702742946420357,8.928212095278928e-05,0.17884522306103273,0.0013975667046344684,22.439638836929184,0.06775603026395448,0.27951689015989445,0.002139845985685966,0.000598280000849627,0.00011162575421530476
geometric_shapes,0.1,perona_malik,exponential,0.2,1.0,1.0,0.2,2,0.4,10,0.003129749305569387,6.905200831240974e-05,0.13248859161619217,0.00145819793430365,25.045849962892063,0.09537859011171065,0.378313947466849,0.0040237202985494895,0.001033420002204366,0.0001994946468348704
geometric_shapes,0.1,perona_malik,exponential,0.2,1.0,1.0,0.2,5,1.0,10,0.0007838444658202126,3.271374442951268e-05,0.06629458470750003,0.0013767945005675774,31.0610614923031,0.17951916772318519,0.7061279550360088,0.008438054868183883,0.0022435199993196876,0.0004160607193548548
geometric_shapes,0.1,perona_malik,exponential,0.2,1.0,1.0,0.2,10,2.0,10,0.00036046994837676675,1.998800872815886e-05,0.04495037001518349,0.0012398787907854946,34.437236247035145,0.23840337802735825,0.8770341856096348,0.004600452760260677,0.004181610004161484,0.00047262852636284475
geometric_shapes,0.1,perona_malik,exponential,0.2,1.0,1.0,0.2,20,4.0,10,0.00026950617045576634,2.080717502555382e-05,0.03885502912310764,0.0014829644485687317,35.70561552007807,0.32802598641043595,0.9377823591414287,0.002561918406012129,0.008380580006632953,0.0008746316843527922
geometric_shapes,0.1,perona_malik,exponential,0.2,1.0,1.0,0.2,40,8.0,10,0.0002734649871055492,1.7986975868721908e-05,0.03914627589537012,0.001276765024050725,35.63925276257301,0.2810939907680422,0.9524437592844445,0.001316529567260664,0.017672590003348886,0.0024069866429633686
geometric_shapes,0.1,perona_malik,exponential,0.2,1.0,1.0,0.2,80,16.0,10,0.0003325264085880391,1.6708240744774478e-05,0.04317564213826401,0.001077332814636789,34.786583373055166,0.21529105529405815,0.9524548534243713,0.0007816159301240761,0.03541774000041187,0.004586456196653952
geometric_shapes,0.1,perona_malik,rational,0.025,1.0,1.0,0.2,0,0.0,10,0.010003061435389378,0.00010573369814132689,0.23686909811907858,0.0012499423484976517,19.998888093574596,0.045763837571961924,0.21679007188352925,0.0012876091396259986,0.0,0.0
geometric_shapes,0.1,perona_malik,rational,0.025,1.0,1.0,0.2,1,0.2,10,0.009620050929343354,0.00010530912300571174,0.23228984803915115,0.0012693946919611775,20.168459484379497,0.0473896778134518,0.22043262410786496,0.0013273675963224793,0.00044382000050973146,0.00011086536903646761
geometric_shapes,0.1,perona_malik,rational,0.025,1.0,1.0,0.2,2,0.4,10,0.009249142973349734,0.00010481655325738066,0.22776756180422053,0.0012884716083916136,20.339234956421507,0.04905426518257803,0.22419619054454892,0.001369518381158732,0.0007811200019204989,0.0002221980686031173
geometric_shapes,0.1,perona_malik,rational,0.025,1.0,1.0,0.2,5,1.0,10,0.008204328788125052,0.00010277746263962815,0.2145167797650338,0.0013412318302434994,20.85987465626549,0.05420865747880252,0.23630766932779163,0.0015195270834170115,0.001723379996838048,0.00039557561547123925
geometric_shapes,0.1,perona_malik,rational,0.025,1.0,1.0,0.2,10,2.0,10,0.006660836570977052,9.850264135636216e-05,0.19328632465144496,0.0014262864686487378,21.765137298320994,0.06396301492162726,0.2600335655419652,0.0018843440059980847,0.0029838999966159464,0.00044935113144912704
geometric_shapes,0.1,perona_malik,rational,0.025,1.0,1.0,0.2,20,4.0,10,0.00421234477651531,8.701816374547111e-05,0.1537052110226767,0.001583610454726611,23.75558927394842,0.0892625275585186,0.32757991541954945,0.0032372386079210524,0.0056621199968503785,0.0007436645322629222
geometric_shapes,0.1,perona_malik,rational,0.025,1.0,1.0,0.2,40,8.0,10,0.0014430353633874602,5.6363785986955434e-05,0.08995222013334991,0.001750288723212561,28.410182488239684,0.1683917169332403,0.578589470446768,0.009685396000707109,0.011652509999112225,0.0023189514147219227
geometric_shapes,0.1,perona_malik,rational,0.025,1.0,1.0,0.2,80,16.0,10,0.00022827450666820944,2.8036059725892635e-05,0.03572104043579873,0.0022177210203017973,36.44574063064745,0.5449226962103914,0.9315445373161403,0.0074838238960954085,0.021919079998042434,0.0031786916906772975
geometric_shapes,0.1,perona_malik,rational,0.05,1.0,1.0,0.2,0,0.0,10,0.010003061435389378,0.00010573369814132689,0.23686909811907858,0.0012499423484976517,19.998888093574596,0.045763837571961924,0.21679007188352925,0.0012876091396259986,0.0,0.0
geometric_shapes,0.1,perona_malik,rational,0.05,1.0,1.0,0.2,1,0.2,10,0.008799291312765835,0.00010291999993584115,0.22215933505937385,0.001297040150821226,20.555789199180186,0.050624951232145464,0.22904117227600765,0.001420910126078134,0.0004446099977940321,0.00012809787384342555
geometric_shapes,0.1,perona_malik,rational,0.05,1.0,1.0,0.2,2,0.4,10,0.007701608856617368,9.950943709450203e-05,0.2078404064007089,0.0013402599314248907,21.134510084555707,0.055907943641059825,0.24294595447406991,0.0015948401804813253,0.0007552300055976957,0.00019211265902004297
geometric_shapes,0.1,perona_malik,rational,0.05,1.0,1.0,0.2,5,1.0,10,0.005000396738138421,8.67990830355267e-05,0.16746920354279993,0.0014503328800177595,23.01054080229465,0.07505707368109184,0.2982920126352336,0.0024726859848506902,0.0015792699996381998,0.000287089367206082
geometric_shapes,0.1,perona_malik,rational,0.05,1.0,1.0,0.2,10,2.0,10,0.0022034389722626986,6.178624420127385e-05,0.11116285579425482,0.0015541836154496491,26.57051487407737,0.12109879799335134,0.45869897320152936,0.005931923149476875,0.002945919998455793,0.0004672593558959184
geometric_shapes,0.1,perona_malik,rational,0.05,1.0,1.0,0.2,20,4.0,10,0.0004620432765092341,3.172897856937078e-05,0.05088135087545137,0.0017462633129302079,33.362374657790326,0.297905133754531,0.8348042643102348,0.009043381644313956,0.0054309299972374,0.0006094985885084161
geometric_shapes,0.1,perona_malik,rational,0.05,1.0,1.0,0.2,40,8.0,10,0.0001991271782332861,2.563948064181215e-05,0.03335667731545043,0.002175722664282341,37.04218778239349,0.573368968462126,0.9610861556716053,0.0035025526952164408,0.010754620001534931,0.0007253611654977283
geometric_shapes,0.1,perona_malik,rational,0.05,1.0,1.0,0.2,80,16.0,10,0.0003087994504568325,2.2382172974247485e-05,0.0415937622185635,0.001510053542682933,35.113545703379295,0.3158282955596294,0.9547488545500304,0.0016477965968847094,0.021836159998201765,0.0020529918484401303
geometric_shapes,0.1,perona_malik,rational,0.1,1.0,1.0,0.2,0,0.0,10,0.010003061435389378,0.00010573369814132689,0.23686909811907858,0.0012499423484976517,19.998888093574596,0.045763837571961924,0.21679007188352925,0.0012876091396259986,0.0,0.0
geometric_shapes,0.1,perona_malik,rational,0.1,1.0,1.0,0.2,1,0.2,10,0.006950043721249572,9.259846622967012e-05,0.19743880237457595,0.0013128419981764683,21.58046983389169,0.05764772412125805,0.2541185152006265,0.001689170357768338,0.0005466600006911904,0.00028090803643846934
geometric_shapes,0.1,perona_malik,rational,0.1,1.0,1.0,0.2,2,0.4,10,0.004685788495938457,7.804969793903638e-05,0.16211575505906242,0.0013473070376320674,23.292712341914143,0.07203322115746927,0.3062766744021802,0.0024126481173881954,0.00092051999818068,0.0003976791551497701
geometric_shapes,0.1,perona_malik,rational,0.1,1.0,1.0,0.2,5,1.0,10,0.001370706918906845,4.415835712558335e-05,0.08767367843920673,0.0014087912031420862,28.632568907050008,0.1392235139735615,0.5642729178291654,0.0067375662738653865,0.001802379998844117,0.00056780703017934
geometric_shapes,0.1,perona_malik,rational,0.1,1.0,1.0,0.2,10,2.0,10,0.0004346923013109478,2.420488542476193e-05,0.04936127354246782,0.001376840493114402,33.624268204228606,0.24267810055061137,0.8465275943806192,0.005676368729354176,0.0035295899986522274,0.0011469159692206372
geometric_shapes,0.1,perona_malik,rational,0.1,1.0,1.0,0.2,20,4.0,10,0.00034325854921404895,2.352268846432632e-05,0.04385598553344432,0.0015022416757052577,34.6529535849377,0.29740795909437695,0.9292442711968878,0.002745910089429386,0.006458330000168644,0.0016234155242988112
geometric_shapes,0.1,perona_malik,rational,0.1,1.0,1.0,0.2,40,8.0,10,0.0005268421764797864,3.461489596314526e-05,0.054334829396631826,0.0017787335716067173,32.79155139976875,0.28340701994355716,0.9330982726397264,0.002179386776893604,0.011504479998257012,0.0018956582044325505
geometric_shapes,0.1,perona_malik,rational,0.1,1.0,1.0,0.2,80,16.0,10,0.0012919176574478876,7.211457091923156e-05,0.0850967759000836,0.002371214796912925,28.893715119954436,0.2417409971508906,0.898814271072608,0.0022788133384870728,0.022607599999173545,0.00292720432622892
geometric_shapes,0.1,perona_malik,rational,0.2,1.0,1.0,0.2,0,0.0,10,0.010003061435389378,0.00010573369814132689,0.23686909811907858,0.0012499423484976517,19.998888093574596,0.045763837571961924,0.21679007188352925,0.0012876091396259986,0.0,0.0
geometric_shapes,0.1,perona_malik,rational,0.2,1.0,1.0,0.2,1,0.2,10,0.004399351568096296,6.882294105226567e-05,0.15708322393913515,0.001226240059749453,23.566589035991125,0.06766866988865405,0.31405202675653826,0.002277514661670169,0.0004464099969482049,8.225254845996035e-05
geometric_shapes,0.1,perona_malik,rational,0.2,1.0,1.0,0.2,2,0.4,10,0.0020293188578639947,4.6233007475651516e-05,0.10668349731168103,0.00121342737916624,26.927507354794,0.09864394628297773,0.4622814937171415,0.004053701131126076,0.0007966899895109237,0.0002430290784130333
geometric_shapes,0.1,perona_malik,rational,0.2,1.0,1.0,0.2,5,1.0,10,0.0007375752716735993,3.0446251924335725e-05,0.06430826484265013,0.0013314826240323635,31.325294180724292,0.18038921304854966,0.7580066559597707,0.006574400615723394,0.0016448999987915159,0.0004565573309768341
geometric_shapes,0.1,perona_malik,rational,0.2,1.0,1.0,0.2,10,2.0,10,0.0008280676968820397,4.015870116550781e-05,0.06813430540431452,0.0016491823012214466,30.823915662247476,0.2098872363246062,0.8640590421878882,0.004425320984581185,0.0030372199980774894,0.0008938128260223278
geometric_shapes,0.1,perona_malik,rational,0.2,1.0,1.0,0.2,20,4.0,10,0.001997519796503376,7.028871020001525e-05,0.1058357731693,0.0018613372001201835,26.997506223232072,0.15270459184299479,0.8666977282868347,0.003265930036032497,0.005767789995297789,0.0009745440464526028
geometric_shapes,0.1,perona_malik,rational,0.2,1.0,1.0,0.2,40,8.0,10,0.00460147191492358,6.677864904883715e-05,0.16065175545572336,0.0011658887945472627,23.37144399973473,0.06304582352411206,0.8008724757601605,0.002207143767526599,0.011195179997594095,0.0013586413483778982
geometric_shapes,0.1,perona_malik,rational,0.2,1.0,1.0,0.2,80,16.0,10,0.007586265557259396,6.906028265504455e-05,0.2062801080465409,0.0009391325540692364,21.199881644075028,0.039553848632159494,0.7314717306895113,0.0010459569960495924,0.022385839992784894,0.005081984796032207
ramps_and_edges,0.025,heat,,,1.0,1.0,0.2,0,0.0,10,0.0006251913397118361,6.608356133832926e-06,0.052473187019988356,0.00027689748953216384,32.04008792013384,0.04576383757196286,0.6969751519075158,0.0019331227539451524,0.0,0.0
ramps_and_edges,0.025,heat,,,1.0,1.0,0.2,1,0.2,10,0.0011051151895615542,5.040164332310048e-06,0.06976525142931435,0.00015922519107932704,29.565965259982192,0.019840525106486068,0.88672742914123,0.0017161786546807884,0.00016898000030778347,9.291117285315518e-05
ramps_and_edges,0.025,heat,,,1.0,1.0,0.2,2,0.4,10,0.0011401589221166828,3.515122942091087e-06,0.07086285374183791,0.00010926989472390532,29.43036469040075,0.013397788907645383,0.9222552885826106,0.0013313714373739383,0.0002772000036202371,0.00011039998033115422
ramps_and_edges,0.025,heat,,,1.0,1.0,0.2,5,1.0,10,0.0018751362223660552,4.42212875757785e-06,0.09087669982264195,0.00010719782967410451,27.269682647620233,0.010249731870512575,0.9179896963856071,0.0007116996353962889,0.0005924700002651661,0.00012389093305762737
ramps_and_edges,0.025,heat,,,1.0,1.0,0.2,10,2.0,10,0.0027070641271937238,5.873942156606455e-06,0.1091906495119321,0.00011849370602042004,25.675023769424875,0.009428285286556731,0.8917459693716371,0.00026558672289145313,0.0010792900080559774,0.0001426107406920862
ramps_and_edges,0.025,heat,,,1.0,1.0,0.2,20,4.0,10,0.004018058290201094,7.4569617709586e-06,0.1330283963309773,0.0001234665541767602,23.95984440689434,0.008063219083691855,0.8466561764293921,0.00022996476162464308,0.0020516400021733717,0.00020361459053713625
ramps_and_edges,0.025,heat,,,1.0,1.0,0.2,40,8.0,10,0.005776879443573408,9.250587572407109e-06,0.159508170749776,0.00012771098620146832,22.383071966860058,0.006954387464718765,0.7933132664682148,0.00028962831329915485,0.004100620001554489,0.000578622153167939
ramps_and_edges,0.025,heat,,,1.0,1.0,0.2,80,16.0,10,0.007850139183408648,1.0390358342502885e-05,0.1859409307212422,0.00012303792330953405,21.0512298537235,0.005746706953919546,0.7488117156261241,0.0002927045233984897,0.011700800000107847,0.012454515638045813
ramps_and_edges,0.025,noisy,,,1.0,1.0,0.2,0,0.0,10,0.0006251913397118361,6.608356133832926e-06,0.052473187019988356,0.00027689748953216384,32.04008792013384,0.04576383757196286,0.6969751519075158,0.0019331227539451524,0.0,0.0
ramps_and_edges,0.025,perona_malik,exponential,0.025,1.0,1.0,0.2,0,0.0,10,0.0006251913397118361,6.608356133832926e-06,0.052473187019988356,0.00027689748953216384,32.04008792013384,0.04576383757196286,0.6969751519075158,0.0019331227539451524,0.0,0.0
ramps_and_edges,0.025,perona_malik,exponential,0.025,1.0,1.0,0.2,1,0.2,10,0.0005489191951473343,6.7370104121891375e-06,0.04916808375175916,0.0003012000914165744,32.60520883520054,0.05311571346419542,0.722915019361481,0.002190859656772185,0.0006306400086032226,0.0002840228962950586
ramps_and_edges,0.025,perona_malik,exponential,0.025,1.0,1.0,0.2,2,0.4,10,0.0004816635475448307,6.7850310550033855e-06,0.046057317380793196,0.00032379288987427463,33.17294807343423,0.0609488926639109,0.7480186088696275,0.0024187524715672914,0.0010969700000714512,0.00042728201571842365
ramps_and_edges,0.025,perona_malik,exponential,0.025,1.0,1.0,0.2,5,1.0,10,0.0003265218006670917,6.544384235988772e-06,0.03792040149171247,0.00037949264784613887,34.86166034503802,0.08680358531112829,0.8152986714758711,0.0029993133633747656,0.0025054700032342224,0.000720917769978314
ramps_and_edges,0.025,perona_malik,exponential,0.025,1.0,1.0,0.2,10,2.0,10,0.00018262504448272944,5.331617491655598e-06,0.02835795095353888,0.00041439136718467954,37.38606707308598,0.12706734196057282,0.891157416970952,0.0033207667826564333,0.006487589998869225,0.006579133535119277
ramps_and_edges,0.025,perona_malik,exponential,0.025,1.0,1.0,0.2,20,4.0,10,9.205321591287882e-05,4.350610570346485e-06,0.020130122013713465,0.00047651448746405495,40.36399571792067,0.20600873055702515,0.9447715894771427,0.0030933240317935298,0.011868560008588247,0.0092116634988959
ramps_and_edges,0.025,perona_malik,exponential,0.025,1.0,1.0,0.2,40,8.0,10,5.8768455359556435e-05,4.04258006569682e-06,0.01607944358410563,0.0005607251643719826,42.31815478426445,0.3074259979779216,0.9656518988197383,0.0029681733258116387,0.022254190003150143,0.014291589628475213
ramps_and_edges,0.025,perona_malik,exponential,0.025,1.0,1.0,0.2,80,16.0,10,5.094130830868148e-05,3.5468800854871693e-06,0.014970095356779012,0.000532230504346241,42.93932152380609,0.3155828292864058,0.9748746260230086,0.002062008314724292,0.039271690003806724,0.015114863576507478
ramps_and_edges,0.025,perona_malik,exponential,0.05,1.0,1.0,0.2,0,0.0,10,0.0006251913397118361,6.608356133832926e-06,0.052473187019988356,0.00027689748953216384,32.04008792013384,0.04576383757196286,0.6969751519075158,0.0019331227539451524,0.0,0.0
ramps_and_edges,0.025,perona_malik,exponential,0.05,1.0,1.0,0.2,1,0.2,10,0.0003592438973467931,5.5157520562987895e-06,0.039775864227833364,0.00030489437330762483,34.44656485577074,0.06647867950130514,0.7984909556423284,0.002412867415472116,0.0006149499968159944,0.00012033609640064668
ramps_and_edges,0.025,perona_malik,exponential,0.05,1.0,1.0,0.2,2,0.4,10,0.00019966920127524335,4.092577100905581e-06,0.029653194431045145,0.00030343470319738557,36.997706889211486,0.08874551336607743,0.8795847526492407,0.0024841780442412657,0.0011417200032155961,0.0004678417705418261
ramps_and_edges,0.025,perona_malik,exponential,0.05,1.0,1.0,0.2,5,1.0,10,5.096909169147193e-05,1.306071060652801e-06,0.014981585358805009,0.00019195691196136045,42.92821441171775,0.11129750939624278,0.9725667053160484,0.0011317629821894321,0.00243798999581486,0.0006705144811339628
ramps_and_edges,0.025,perona_malik,exponential,0.05,1.0,1.0,0.2,10,2.0,10,2.2207848927057292e-05,8.701945938999582e-07,0.009888124494764885,0.00019466364285350467,46.53797457134484,0.17185704974322685,0.9913000168873735,0.0005447196652466854,0.004639039997709915,0.0010813880788094763
ramps_and_edges,0.025,perona_malik,exponential,0.05,1.0,1.0,0.2,20,4.0,10,1.7334182228594743e-05,1.160311518418834e-06,0.008733247891670093,0.00028791038451324123,47.619376212225255,0.2820979459064733,0.9948448453692917,0.000426489589585499,0.00874504999956116,0.0011452002041162283
ramps_and_edges,0.025,perona_malik,exponential,0.05,1.0,1.0,0.2,40,8.0,10,2.36690946338483e-05,1.3494613412920345e-06,0.010206336465877864,0.0002896560075126489,46.264459709850115,0.24540041528716403,0.9935758851574388,0.00036453743589218927,0.017312490002950653,0.0011238288004262313
ramps_and_edges,0.025,perona_malik,exponential,0.05,1.0,1.0,0.2,80,16.0,10,4.445866935352313e-05,1.918359646503266e-06,0.013990206408484982,0.0003011152870695732,43.52405064085434,0.1865072050186914,0.989623592681401,0.00038132943880600766,0.0345411099930061,0.0021375264892033127
ramps_and_edges,0.025,perona_malik,exponential,0.1,1.0,1.0,0.2,0,0.0,10,0.0006251913397118361,6.608356133832926e-06,0.052473187019988356,0.00027689748953216384,32.04008792013384,0.04576383757196286,0.6969751519075158,0.0019331227539451524,0.0,0.0
ramps_and_edges,0.025,perona_malik,exponential,0.1,1.0,1.0,0.2,1,0.2,10,0.00018587907732233036,2.786265706536503e-06,0.028611505276062637,0.00021421319093718063,37.30813280046256,0.06496221308783923,0.8870247005964916,0.0017531788436218995,0.0005467600072734058,7.196162550846475e-05
ramps_and_edges,0.025,perona_malik,exponential,0.1,1.0,1.0,0.2,2,0.4,10,8.528533840682038e-05,1.5984833366708388e-06,0.019380114943058205,0.0001820669464096947,40.691947280594704,0.08180093912440706,0.9506175664335995,0.0012445838946076452,0.0009884900064207613,0.00012021675481923167
ramps_and_edges,0.025,perona_malik,exponential,0.1,1.0,1.0,0.2,5,1.0,10,4.443494500766308e-05,1.850351069356195e-06,0.013986635806143611,0.0002925166614901616,43.52618231653065,0.18244246643209314,0.9817907471031871,0.0008691894594477457,0.0022098900080891326,0.00019476236669590307
ramps_and_edges,0.025,perona_malik,exponential,0.1,1.0,1.0,0.2,10,2.0,10,5.5214692314369383e-05,2.737991033930371e-06,0.015589870509396614,0.00038833449085144066,42.58431811749203,0.21736126323057312,0.9858450251125979,0.0006597585329184807,0.0044025500072166325,0.0006310473385788575
ramps_and_edges,0.025,perona_malik,exponential,0.1,1.0,1.0,0.2,20,4.0,10,0.0001262068467810145,5.5104009350745045e-06,0.023571426126180604,0.0005114967512038576,38.99283664759007,0.18734435710136144,0.9761907453386047,0.0007887565711371088,0.008880070006125607,0.0009282470814168173
ramps_and_edges,0.025,perona_malik,exponential,0.1,1.0,1.0,0.2,40,8.0,10,0.00024006275439614108,6.6321520944883576e-06,0.03251333041713525,0.00044945143806914337,36.19824663891971,0.12015893603998959,0.9605687290847307,0.0007349270646892363,0.017579000009573065,0.0013429431501317702
ramps_and_edges,0.025,perona_malik,exponential,0.1,1.0,1.0,0.2,80,16.0,10,0.00039948351792256926,9.766426611514248e-06,0.04194271265809553,0.0005137997417748279,33.98618605798397,0.10662931775324017,0.9454017320240091,0.0008118134015628637,0.03495634000573773,0.0029018661752589366
ramps_and_edges,0.025,perona_malik,exponential,0.2,1.0,1.0,0.2,0,0.0,10,0.0006251913397118361,6.608356133832926e-06,0.052473187019988356,0.00027689748953216384,32.04008792013384,0.04576383757196286,0.6969751519075158,0.0019331227539451524,0.0,0.0
ramps_and_edges,0.025,perona_malik,exponential,0.2,1.0,1.0,0.2,1,0.2,10,0.00015073656372215454,2.2905383287237135e-06,0.025765248264634756,0.00019662527633053554,38.21827049968796,0.06657914696987248,0.9122066832268327,0.001461430666165139,0.0005223699903581291,3.4251616421819324e-05
ramps_and_edges,0.025,perona_malik,exponential,0.2,1.0,1.0,0.2,2,0.4,10,0.00010344484345887334,2.9306437164838465e-06,0.021342806299263998,0.0003027009521068247,39.85448521794378,0.1233430975483533,0.9540259545568743,0.0013370753357025604,0.0009770399949047715,0.00014819795391336516
ramps_and_edges,0.025,perona_malik,exponential,0.2,1.0,1.0,0.2,5,1.0,10,0.0001449377256218741,4.504211649148739e-06,0.025262708708081838,0.0003926822289377217,38.39007457536398,0.13504773157018826,0.9706506938934437,0.0008491585131370307,0.0023307899915380403,0.0005281451978187165
ramps_and_edges,0.025,perona_malik,exponential,0.2,1.0,1.0,0.2,10,2.0,10,0.00025270307813745566,7.259158377662327e-06,0.03335811513568414,0.00047827284563397557,35.975499636936,0.12431071838823063,0.9654000363847999,0.0004934716343233299,0.00436176999064628,0.0005637207776583366
ramps_and_edges,0.025,perona_malik,exponential,0.2,1.0,1.0,0.2,20,4.0,10,0.0004341625837256907,8.088412834993385e-06,0.04372659996142289,0.0004065674217508639,33.62415104495544,0.08061219112158391,0.9496671528754224,0.00036293611188557135,0.008435329998610542,0.0006406603540648827
ramps_and_edges,0.025,perona_malik,exponential,0.2,1.0,1.0,0.2,40,8.0,10,0.0007179645884428154,1.0828842658140799e-05,0.0562311365847676,0.0004229813728197243,31.43941133053284,0.06517116171023273,0.9287045031616709,0.0004235767180042948,0.016906179991201496,0.000748336113772433
ramps_and_edges,0.025,perona_malik,exponential,0.2,1.0,1.0,0.2,80,16.0,10,0.0013859833524301369,4.3796832614235227e-05,0.07812082065832844,0.0012322237025776419,28.584362359502098,0.13675996777504884,0.8964713149226171,0.0022492042036276307,0.0344540399935795,0.002535291755290129
ramps_and_edges,0.025,perona_malik,rational,0.025,1.0,1.0,0.2,0,0.0,10,0.0006251913397118361,6.608356133832926e-06,0.052473187019988356,0.00027689748953216384,32.04008792013384,0.04576383757196286,0.6969751519075158,0.0019331227539451524,0.0,0.0
ramps_and_edges,0.025,perona_malik,rational,0.025,1.0,1.0,0.2,1,0.2,10,0.00043641497900952995,5.6834122260915284e-06,0.04384074991853959,0.00028497470208518547,33.601333433181296,0.05636189144518426,0.765080694668321,0.002204540895495567,0.0004935500037390739,0.00012157249383461865
ramps_and_edges,0.025,perona_malik,rational,0.025,1.0,1.0,0.2,2,0.4,10,0.00029633226270334856,4.6359193402119e-06,0.03612550757333232,0.00028211813909406476,35.28268684848704,0.06771980450184535,0.8279788269625081,0.0022824920834845453,0.0008164900034898892,0.00017512014740359526
ramps_and_edges,0.025,perona_malik,rational,0.025,1.0,1.0,0.2,5,1.0,10,8.971734082517027e-05,2.035665081209282e-06,0.01987693785027442,0.00022537719488032774,40.472240706153634,0.09843348194805036,0.9472288167172355,0.0016052512184574525,0.0017522000009194017,0.0005180885481106592
ramps_and_edges,0.025,perona_malik,rational,0.025,1.0,1.0,0.2,10,2.0,10,2.7852947997802333e-05,9.304187896241686e-07,0.01107430870662862,0.00018640935786867153,45.553514602450655,0.1473448249594945,0.9885105126120408,0.0005618496403365899,0.003189010001369752,0.0008379801086700315
ramps_and_edges,0.025,perona_malik,rational,0.025,1.0,1.0,0.2,20,4.0,10,2.0221241785366924e-05,1.0104130213063132e-06,0.009434481776441118,0.00023601436335784825,46.946817249158144,0.21756175215171167,0.9946387643028451,0.0003176009298865645,0.006036299999686889,0.0010237068316401776
ramps_and_edges,0.025,perona_malik,rational,0.025,1.0,1.0,0.2,40,8.0,10,3.6381101535586785e-05,1.5533433549545e-06,0.012655597191820276,0.00027414629871920986,44.39494573283093,0.1909493882226655,0.9918553519563202,0.0003415639047789803,0.011649859996396117,0.0014450837359209108
ramps_and_edges,0.025,perona_malik,rational,0.025,1.0,1.0,0.2,80,16.0,10,9.56014960995569e-05,2.941457543796274e-06,0.02051737655212974,0.0003179357617878285,40.197239364294624,0.13559126160646282,0.9824656911418709,0.0003721849952025293,0.02231527000258211,0.0025640562230846995
ramps_and_edges,0.025,perona_malik,rational,0.05,1.0,1.0,0.2,0,0.0,10,0.0006251913397118361,6.608356133832926e-06,0.052473187019988356,0.00027689748953216384,32.04008792013384,0.04576383757196286,0.6969751519075158,0.0019331227539451524,0.0,0.0
ramps_and_edges,0.025,perona_malik,rational,0.05,1.0,1.0,0.2,1,0.2,10,0.0002781489637510554,3.953920741799322e-06,0.03499977766116981,0.000248419723060011,35.557618988018575,0.06156461683115024,0.8368024651970327,0.0020643496378680735,0.0005576200055656955,0.00019265538527326085
ramps_and_edges,0.025,perona_malik,rational,0.05,1.0,1.0,0.2,2,0.4,10,0.00013018263897232048,2.1296561938592416e-06,0.0239441742613819,0.00019587897356233106,38.854992488296546,0.07106635618055536,0.9212877460563748,0.0015896148032904507,0.0009040000004461035,0.00030150275656678734
ramps_and_edges,0.025,perona_malik,rational,0.05,1.0,1.0,0.2,5,1.0,10,4.53054492657134e-05,1.5183783735880604e-06,0.014123961286646076,0.00023719201374144275,43.4407031935519,0.14617263808562725,0.9798542660581177,0.0008794958935993129,0.0017674500006251038,0.0004817257420054854
ramps_and_edges,0.025,perona_malik,rational,0.05,1.0,1.0,0.2,10,2.0,10,4.365769947750739e-05,1.6037765633857123e-06,0.013864386155123865,0.00025516175574667293,43.602042469769934,0.16015819116209823,0.9883568906411913,0.00044391704310301297,0.003364700003294274,0.0007960310809055248
ramps_and_edges,0.025,perona_malik,rational,0.05,1.0,1.0,0.2,20,4.0,10,9.040839677763323e-05,2.734972500982646e-06,0.019952436684502355,0.0003022750725498589,40.439708299377266,0.13179681439767751,0.9834228243515545,0.00038621507676246317,0.0063613300037104635,0.0012253707442405491
ramps_and_edges,0.025,perona_malik,rational,0.05,1.0,1.0,0.2,40,8.0,10,0.000260395430367055,6.810792253374152e-06,0.033862554724841024,0.00044248304814838114,35.8450003676964,0.11339965461895841,0.962059878059662,0.000724808009265572,0.012053620000369848,0.0020825816149198473
ramps_and_edges,0.025,perona_malik,rational,0.05,1.0,1.0,0.2,80,16.0,10,0.0006385649323629498,1.2994443026255004e-05,0.053029645941423995,0.0005393137328764515,31.94875761579859,0.08829403786552847,0.9305974825623062,0.0007013030984789854,0.023561980001977643,0.004576552780639423
ramps_and_edges,0.025,perona_malik,rational,0.1,1.0,1.0,0.2,0,0.0,10,0.0006251913397118361,6.608356133832926e-06,0.052473187019988356,0.00027689748953216384,32.04008792013384,0.04576383757196286,0.6969751519075158,0.0019331227539451524,0.0,0.0
ramps_and_edges,0.025,perona_malik,rational,0.1,1.0,1.0,0.2,1,0.2,10,0.00017485142153651358,2.2727558031199453e-06,0.02774998246765754,0.00018060844587147856,37.57363977493385,0.05661235853156177,0.8951459293178947,0.0015461246945406278,0.00042451000772416594,7.819747822357436e-05
ramps_and_edges,0.025,perona_malik,rational,0.1,1.0,1.0,0.2,2,0.4,10,9.396087080143526e-05,2.2001926871547143e-06,0.02034150280319095,0.00023860933983446277,40.2716066264076,0.10207989587977717,0.9516982099728489,0.0012597064433996857,0.0007293600065167993,0.00010697056236999079
ramps_and_edges,0.025,perona_malik,rational,0.1,1.0,1.0,0.2,5,1.0,10,9.796139380622861e-05,3.300852331540288e-06,0.0207686659952713,0.00034932961530672864,40.09165933549911,0.1458401697712569,0.9762715580119086,0.000899468608639184,0.0015311600058339537,0.0001558407061246006
ramps_and_edges,0.025,perona_malik,rational,0.1,1.0,1.0,0.2,10,2.0,10,0.00020126292122927582,4.682495472105445e-06,0.029770892392859894,0.00034629200316477194,36.963419853790825,0.10102147937911549,0.971690491168052,0.0005085878862972928,0.002767210002639331,0.00029474732250847396
ramps_and_edges,0.025,perona_malik,rational,0.1,1.0,1.0,0.2,20,4.0,10,0.0004702566247436576,7.308020245267163e-06,0.04550845384082549,0.0003534475525338975,33.27712216587169,0.06742847546023974,0.9500023914752431,0.00036461516927396484,0.0052784800034714864,0.00047538246537594627
ramps_and_edges,0.025,perona_malik,rational,0.1,1.0,1.0,0.2,40,8.0,10,0.001118166534598499,1.0147847317868302e-05,0.07017551805820625,0.0003184839540135063,29.515096126074695,0.03942584330981627,0.9113312346889991,0.00045351166102175136,0.010651190002681688,0.0007284795145597281
ramps_and_edges,0.025,perona_malik,rational,0.1,1.0,1.0,0.2,80,16.0,10,0.0031288819355095483,1.6572947471079922e-05,0.11738960023221298,0.00031102447703571374,25.046163133022013,0.023023053112710863,0.8432510928195536,0.0004595743766160625,0.02131871000456158,0.0015974225741412977
ramps_and_edges,0.025,perona_malik,rational,0.2,1.0,1.0,0.2,0,0.0,10,0.0006251913397118361,6.608356133832926e-06,0.052473187019988356,0.00027689748953216384,32.04008792013384,0.04576383757196286,0.6969751519075158,0.0019331227539451524,0.0,0.0
ramps_and_edges,0.025,perona_malik,rational,0.2,1.0,1.0,0.2,1,0.2,10,0.00017033672896704386,2.836416894201537e-06,0.02738905173088673,0.0002281713323932152,37.687459708302256,0.07240368500179907,0.9114634043738054,0.0014609561726470562,0.0004216200002701953,5.0463359875260134e-05
ramps_and_edges,0.025,perona_malik,rational,0.2,1.0,1.0,0.2,2,0.4,10,0.00016209828102211262,3.93464788199549e-06,0.026717572494933527,0.00032330768899857055,37.90335831538719,0.10479614157616067,0.9509697409287658,0.0013096327200079576,0.0007001799909630791,8.354979149208247e-05
ramps_and_edges,0.025,perona_malik,rational,0.2,1.0,1.0,0.2,5,1.0,10,0.00037072311599680905,5.270518556370209e-06,0.040406517554471916,0.0002864081366031533,34.30989533768131,0.061391229262017934,0.9604134369860384,0.0007830723832254559,0.0014352599973790348,9.891739528990598e-05
ramps_and_edges,0.025,perona_malik,rational,0.2,1.0,1.0,0.2,10,2.0,10,0.000925667762882724,6.8171563587814565e-06,0.06385006246897652,0.0002351531543588901,30.335554649653346,0.03199454304453323,0.9390480471040086,0.00040828191933088906,0.0026974699983838947,0.00017513323656511234
ramps_and_edges,0.025,perona_malik,rational,0.2,1.0,1.0,0.2,20,4.0,10,0.002459668272658568,1.2397803357899852e-05,0.10408147450548515,0.0002622803258809914,26.09128424564397,0.021885727267404252,0.8848742413325834,0.00027965833538638523,0.00537379999877885,0.0005042605414688926
ramps_and_edges,0.025,perona_malik,rational,0.2,1.0,1.0,0.2,40,8.0,10,0.004822355350364087,1.2788125204546704e-05,0.14573560523535745,0.00019320365147328686,23.167421641886857,0.011513194604830048,0.8144973428692588,0.00028892220400111304,0.010976949997711927,0.002074729037191398
ramps_and_edges,0.025,perona_malik,rational,0.2,1.0,1.0,0.2,80,16.0,10,0.007316325501057298,1.1476420421208652e-05,0.17950758196849326,0.00014076740811507356,21.357074618148765,0.006810349872476389,0.7573549372173498,0.000270776691047143,0.021660180002800188,0.0029909984098112005
ramps_and_edges,0.05,heat,,,1.0,1.0,0.2,0,0.0,10,0.0025007653588473445,2.6433424535331757e-05,0.10494637403997668,0.0005537949790643292,26.01948800685422,0.04576383757196211,0.42416091061025984,0.0017185257815613333,0.0,0.0
ramps_and_edges,0.05,heat,,,1.0,1.0,0.2,1,0.2,10,0.0014854891751487588,1.3959579385537067e-05,0.0808847832519648,0.00038060771783273464,28.281478346968754,0.040931979413504314,0.7223077833756874,0.003871307891837311,0.00018599999893922358,6.425585734310756e-05
ramps_and_edges,0.05,heat,,,1.0,1.0,0.2,2,0.4,10,0.0013282121108870555,9.969325863017356e-06,0.07648343151643537,0.0002874633993846271,28.767436180477468,0.03269466128009711,0.8286363680262341,0.0038239032191176446,0.00034170000581070783,0.00015776892707629136
ramps_and_edges,0.05,heat,,,1.0,1.0,0.2,5,1.0,10,0.0019515095682883226,1.03419395298241e-05,0.09270867512809058,0.0002459397111040831,27.096348206957874,0.02306900787315832,0.8836645879384326,0.002453195165988953,0.0006815500004449859,0.0002800399906423709
ramps_and_edges,0.05,heat,,,1.0,1.0,0.2,10,2.0,10,0.002747201154014155,1.2216087945997715e-05,0.10999695691275453,0.0002447100435091941,25.611134102862263,0.019335006618552433,0.8782240049422491,0.0009688826323478311,0.0011770399985834956,0.0003429090924687788
ramps_and_edges,0.05,heat,,,1.0,1.0,0.2,20,4.0,10,0.00404012111109656,1.4958704048041609e-05,0.13339296602348202,0.0002470605945953465,23.93608298254793,0.016094791154737012,0.8421219993341909,0.0005479127502202611,0.002150530004291795,0.0003554373882481339
ramps_and_edges,0.05,heat,,,1.0,1.0,0.2,40,8.0,10,0.00579037492548559,1.8494026638152075e-05,0.15969423994070606,0.00025503296159594565,22.37295308677994,0.013871818960253496,0.7918271867662663,0.0006175118192942849,0.004043090000050142,0.0003464380589631793
ramps_and_edges,0.05,heat,,,1.0,1.0,0.2,80,16.0,10,0.007858636912070723,2.0875276080193685e-05,0.18604143252548966,0.00024702843528617055,21.046541542233857,0.011530113372433655,0.7482731195030169,0.0005951338372931549,0.007754680007928982,0.00037065166474612484
ramps_and_edges,0.05,noisy,,,1.0,1.0,0.2,0,0.0,10,0.0025007653588473445,2.6433424535331757e-05,0.10494637403997668,0.0005537949790643292,26.01948800685422,0.04576383757196211,0.42416091061025984,0.0017185257815613333,0.0,0.0
ramps_and_edges,0.05,perona_malik,exponential,0.025,1.0,1.0,0.2,0,0.0,10,0.0025007653588473445,2.6433424535331757e-05,0.10494637403997668,0.0005537949790643292,26.01948800685422,0.04576383757196211,0.42416091061025984,0.0017185257815613333,0.0,0.0
ramps_and_edges,0.05,perona_malik,exponential,0.025,1.0,1.0,0.2,1,0.2,10,0.002450064663744954,2.666038929408804e-05,0.10387700372237581,0.0005642765423257471,26.108454962728132,0.047108111392632455,0.4282354651676051,0.00178870139520898,0.00047963999677449467,5.982784231736577e-05
ramps_and_edges,0.05,perona_malik,exponential,0.025,1.0,1.0,0.2,2,0.4,10,0.0024037647654955403,2.6817897964630707e-05,0.1028907489119015,0.0005730337370125394,26.191322560493642,0.048296334516015824,0.43206803483114103,0.001851098833632028,0.0008814799977699295,7.695195333643237e-05
ramps_and_edges,0.05,perona_malik,exponential,0.025,1.0,1.0,0.2,5,1.0,10,0.0022864124193097248,2.70030718623812e-05,0.10034757929660491,0.0005915957468962232,26.408725697244666,0.05112299636963037,0.44231285718348373,0.0020138225151013125,0.002143270001397468,0.0001853088821572053
ramps_and_edges,0.05,perona_malik,exponential,0.025,1.0,1.0,0.2,10,2.0,10,0.0021360504721237078,2.75925882108594e-05,0.09699158076518678,0.0006254002832369455,26.70420954451067,0.05591194488516499,0.456738546519713,0.0022882501942914895,0.004227009997703135,0.00029962250319494083
ramps_and_edges,0.05,perona_malik,exponential,0.025,1.0,1.0,0.2,20,4.0,10,0.0019217367393097866,2.9570768763653874e-05,0.09199661132094483,0.0007064369445981064,27.16352142280179,0.06656861244607579,0.4803623685952118,0.002914226037461926,0.00908482999948319,0.0012706925325183644
ramps_and_edges,0.05,perona_malik,exponential,0.025,1.0,1.0,0.2,40,8.0,10,0.0016453855889688013,3.173313097755196e-05,0.08512402820274836,0.0008188899736574066,27.83804536135498,0.08335452622347429,0.5172988944112518,0.0040075475717429405,0.017912950000027194,0.0021145505738368424
ramps_and_edges,0.05,perona_malik,exponential,0.025,1.0,1.0,0.2,80,16.0,10,0.0013627012629379806,2.731982070122185e-05,0.07746708281608956,0.000774520759714747,28.656773455614875,0.08661365396978779,0.5631011932768619,0.004336932601914445,0.03503004000231158,0.002606098037927874
ramps_and_edges,0.05,perona_malik,exponential,0.05,1.0,1.0,0.2,0,0.0,10,0.0025007653588473445,2.6433424535331757e-05,0.10494637403997668,0.0005537949790643292,26.01948800685422,0.04576383757196211,0.42416091061025984,0.0017185257815613333,0.0,0.0
ramps_and_edges,0.05,perona_malik,exponential,0.05,1.0,1.0,0.2,1,0.2,10,0.002194989931715053,2.70500599966665e-05,0.09832077189283193,0.0006047873542145072,26.585970112347002,0.05333561539427174,0.4504695865533243,0.002146472057582739,0.000712940000812523,0.0003425362514308182
ramps_and_edges,0.05,perona_malik,exponential,0.05,1.0,1.0,0.2,2,0.4,10,0.001925072433181205,2.728078852219467e-05,0.09207678975702224,0.000651228736470081,27.15591980558843,0.061318769615211544,0.47844699043822575,0.0026144765184556557,0.0011878899967996404,0.0004690553445374647
ramps_and_edges,0.05,perona_malik,exponential,0.05,1.0,1.0,0.2,5,1.0,10,0.0013012838894298161,2.6430478573995116e-05,0.07570112460167754,0.0007677891641011464,28.85708289095489,0.08797924368630952,0.5691650046305148,0.004392412968264645,0.0024189799994928764,0.0006181954509627891
ramps_and_edges,0.05,perona_malik,exponential,0.05,1.0,1.0,0.2,10,2.0,10,0.0007255287000203605,2.1437751534032392e-05,0.05652245434008614,0.0008354657331599896,31.395162457513283,0.12845334882150997,0.7084083711782566,0.006607060757049531,0.004506839998066425,0.000635503984269314
ramps_and_edges,0.05,perona_malik,exponential,0.05,1.0,1.0,0.2,20,4.0,10,0.00037756352294266875,1.7149496644644665e-05,0.04076909394812169,0.0009239935040876533,34.23410936609286,0.19647518702235378,0.8345134654958899,0.007681168251007978,0.0086381600034656,0.000905522058762511
ramps_and_edges,0.05,perona_malik,exponential,0.05,1.0,1.0,0.2,40,8.0,10,0.00025222823550137866,1.4458054610442988e-05,0.0333177102944173,0.000947843624313043,35.98835936630814,0.24541888022929326,0.8900681139908043,0.008062946388569404,0.018341600001440382,0.0038777313721679914
ramps_and_edges,0.05,perona_malik,exponential,0.05,1.0,1.0,0.2,80,16.0,10,0.00020781075484788174,1.2049958416040252e-05,0.030241912466241583,0.000868615367495643,36.82973000861872,0.24732721413893316,0.9164723027465772,0.006792175940861708,0.03831028999993578,0.013144086762638212
ramps_and_edges,0.05,perona_malik,exponential,0.1,1.0,1.0,0.2,0,0.0,10,0.0025007653588473445,2.6433424535331757e-05,0.10494637403997668,0.0005537949790643292,26.01948800685422,0.04576383757196211,0.42416091061025984,0.0017185257815613333,0.0,0.0
ramps_and_edges,0.05,perona_malik,exponential,0.1,1.0,1.0,0.2,1,0.2,10,0.0014364218518496462,2.1659772890448806e-05,0.07953647374447637,0.000598794462117624,28.427622606581473,0.0652964935881083,0.540830903702806,0.003072837354549324,0.0006519599992316216,0.00020493183903255824
ramps_and_edges,0.05,perona_malik,exponential,0.1,1.0,1.0,0.2,2,0.4,10,0.0007991690102074227,1.5774367604727954e-05,0.05932486332340866,0.00058462860290333,30.974372068362232,0.0854710651364104,0.673973240306971,0.004529524836428359,0.0011399599985452368,0.0003051082297919691
ramps_and_edges,0.05,perona_malik,exponential,0.1,1.0,1.0,0.2,5,1.0,10,0.00021376704712140212,6.1103557574356395e-06,0.030680803215865714,0.00043929078953201567,36.70219685485044,0.12458723082776463,0.9028432419078685,0.003496075445774672,0.0023684500047238544,0.00037380426170644275
ramps_and_edges,0.05,perona_malik,exponential,0.1,1.0,1.0,0.2,10,2.0,10,0.0001183195677034982,5.2081617288579915e-06,0.02282286193943755,0.0005021636603820624,39.27321738117031,0.19104265580158836,0.9632123317011662,0.00191193063617578,0.004328450001776218,0.00046545237564324496
ramps_and_edges,0.05,perona_malik,exponential,0.1,1.0,1.0,0.2,20,4.0,10,0.00015280381077328948,8.217300937609882e-06,0.025933685586834038,0.0006923840148716418,38.1642026717293,0.23023118202903184,0.9699150882842673,0.0013738143254698968,0.008493709997856059,0.0009136189417638369
ramps_and_edges,0.05,perona_malik,exponential,0.1,1.0,1.0,0.2,40,8.0,10,0.000260907190319752,1.4341833179654905e-05,0.0338869111467927,0.0009309497777356632,35.841035867495215,0.23846765963673647,0.9580366855742201,0.001419563076938376,0.01732858000032138,0.0020862289345402255
ramps_and_edges,0.05,perona_malik,exponential,0.1,1.0,1.0,0.2,80,16.0,10,0.000421722003437674,2.4254153123283356e-05,0.043081373748800465,0.0012328892060832104,33.756117553893965,0.24736578605975773,0.9435772377898815,0.0020032553436851704,0.034665099999983795,0.002538283759188077
ramps_and_edges,0.05,perona_malik,exponential,0.2,1.0,1.0,0.2,0,0.0,10,0.0025007653588473445,2.6433424535331757e-05,0.10494637403997668,0.0005537949790643292,26.01948800685422,0.04576383757196211,0.42416091061025984,0.0017185257815613333,0.0,0.0
ramps_and_edges,0.05,perona_malik,exponential,0.2,1.0,1.0,0.2,1,0.2,10,0.0007452103888295497,1.0942762046376435e-05,0.05728821932902937,0.00042060995618969314,31.277632376444092,0.06377136132067619,0.6842361858492166,0.0034068357740338197,0.0005862799996975809,6.958212578116601e-05
ramps_and_edges,0.05,perona_malik,exponential,0.2,1.0,1.0,0.2,2,0.4,10,0.00035456494319791146,8.03557930212207e-06,0.03951472783541055,0.00044969055804882176,34.50405736950928,0.09927335120843067,0.8342110109148416,0.003606476034987965,0.0010642700013704597,0.0002667946716560105
ramps_and_edges,0.05,perona_malik,exponential,0.2,1.0,1.0,0.2,5,1.0,10,0.0002313909953835699,1.0196340422115192e-05,0.031916461019146816,0.0007034100965094993,36.360332439330605,0.19145720657876109,0.9303516703375839,0.0028838168801584786,0.0024463700043270364,0.0008057796576725259
ramps_and_edges,0.05,perona_malik,exponential,0.2,1.0,1.0,0.2,10,2.0,10,0.0002937719678789453,1.4644794188222692e-05,0.03596012970071892,0.0008924375552708548,35.324696207458295,0.21460234865975925,0.950076123842061,0.0014079134928055765,0.004546710001886822,0.0011370326326463312
ramps_and_edges,0.05,perona_malik,exponential,0.2,1.0,1.0,0.2,20,4.0,10,0.00045549383373226434,1.4597644200924271e-05,0.04478450077034963,0.0007158091703247446,33.417168534663425,0.1384754479170692,0.9445811280978461,0.0007378574503901674,0.008991360003710725,0.0011585529555019497
ramps_and_edges,0.05,perona_malik,exponential,0.2,1.0,1.0,0.2,40,8.0,10,0.0007379527220122233,2.1147894146523193e-05,0.057004734231041174,0.0008130387429159497,31.32129986312188,0.12331255153723673,0.926576237711594,0.001064014808741308,0.017076280000037514,0.001106497303995195
ramps_and_edges,0.05,perona_malik,exponential,0.2,1.0,1.0,0.2,80,16.0,10,0.001418208793376802,8.025408997848254e-05,0.07900423920142233,0.0022332146871736967,28.488837938034656,0.24520182671176954,0.8947955303486751,0.004207260644664168,0.03552743000327609,0.004536477259568567
ramps_and_edges,0.05,perona_malik,rational,0.025,1.0,1.0,0.2,0,0.0,10,0.0025007653588473445,2.6433424535331757e-05,0.10494637403997668,0.0005537949790643292,26.01948800685422,0.04576383757196211,0.42416091061025984,0.0017185257815613333,0.0,0.0
ramps_and_edges,0.05,perona_malik,rational,0.025,1.0,1.0,0.2,1,0.2,10,0.0022026328042168137,2.558191742889909e-05,0.09849198502826767,0.0005710118030392957,26.57084142900167,0.05027318800805898,0.4491328512202166,0.002009352626964163,0.0005769499985035509,0.00028962530874268843
ramps_and_edges,0.05,perona_malik,rational,0.025,1.0,1.0,0.2,2,0.4,10,0.001930825567388835,2.4538066764086814e-05,0.09221468019517917,0.0005849487105716977,27.142883774891857,0.05500174831704466,0.4762663348299208,0.0023340857936023913,0.0010428900044644252,0.0007032969813293192
ramps_and_edges,0.05,perona_malik,rational,0.025,1.0,1.0,0.2,5,1.0,10,0.0012622091949969789,2.0645508899606117e-05,0.07455710715005795,0.0006087591221547773,28.989207183058106,0.07080375049472588,0.5703805477476964,0.003486711409122579,0.0019798199995420874,0.0009960766025308948
ramps_and_edges,0.05,perona_malik,rational,0.025,1.0,1.0,0.2,10,2.0,10,0.00056939355678854,1.3785037421587795e-05,0.05007420942035791,0.0006055707097597048,32.447017047582776,0.10494333573247741,0.747945453736947,0.005262510519676536,0.0033280300063779577,0.0011155221944426142
ramps_and_edges,0.05,perona_malik,rational,0.025,1.0,1.0,0.2,20,4.0,10,0.00013093875425883094,5.889024087206387e-06,0.024008780360480875,0.0005442687876348058,38.83335612006538,0.19846496412558234,0.9482381481806698,0.0027150757596120434,0.006011690001469105,0.0011958119799129281
ramps_and_edges,0.05,perona_malik,rational,0.025,1.0,1.0,0.2,40,8.0,10,6.225698815050696e-05,4.17178491964272e-06,0.016550377772936588,0.0005586428794291681,42.067065636759835,0.29527999067514654,0.9874371573223135,0.0008677917685578825,0.011435870005516335,0.0016337320710652626
ramps_and_edges,0.05,perona_malik,rational,0.025,1.0,1.0,0.2,80,16.0,10,0.00011078395250271559,7.142698180763272e-06,0.022078543277637117,0.0007142260601355337,39.563428669542404,0.28194745129390786,0.981031187534833,0.0007665195336408842,0.022225540003273637,0.002987341576745817
ramps_and_edges,0.05,perona_malik,rational,0.05,1.0,1.0,0.2,0,0.0,10,0.0025007653588473445,2.6433424535331757e-05,0.10494637403997668,0.0005537949790643292,26.01948800685422,0.04576383757196211,0.42416091061025984,0.0017185257815613333,0.0,0.0
ramps_and_edges,0.05,perona_malik,rational,0.05,1.0,1.0,0.2,1,0.2,10,0.0017443267863387958,2.2569411741619766e-05,0.0876480343033404,0.0005660845358701866,27.584047220857997,0.056004716882946844,0.4972571780303753,0.002477308914676474,0.0004901500011328608,9.651102862403604e-05
ramps_and_edges,0.05,perona_malik,rational,0.05,1.0,1.0,0.2,2,0.4,10,0.0011833583623236722,1.8227625907220886e-05,0.07219098898086891,0.000555181847387162,29.269299041071992,0.06670068408185939,0.58328481519299,0.0033422730003205866,0.0008573300001444295,0.0003124878970928043
ramps_and_edges,0.05,perona_malik,rational,0.05,1.0,1.0,0.2,5,1.0,10,0.0003598100443874937,8.366762671109663e-06,0.03980582271548843,0.0004630521112484409,34.440325345376515,0.10109269948051228,0.8295250375534982,0.004344516318485306,0.0018764799984637647,0.0007328233390901969
ramps_and_edges,0.05,perona_malik,rational,0.05,1.0,1.0,0.2,10,2.0,10,0.00012493305111515706,5.487483076318547e-06,0.023452031793852916,0.0005160478294327487,39.03701579502673,0.1914760423709577,0.9561428253751869,0.0020183223606498983,0.0036266999959480017,0.001202557610973594
ramps_and_edges,0.05,perona_malik,rational,0.05,1.0,1.0,0.2,20,4.0,10,0.00012423780290242014,7.131220458846845e-06,0.02338313553327561,0.0006703148256022282,39.06387885678526,0.2486214891230588,0.9753720086873299,0.0010545992306572243,0.006771510001271963,0.0015536018028014713
ramps_and_edges,0.05,perona_malik,rational,0.05,1.0,1.0,0.2,40,8.0,10,0.00027822626407516366,1.4843981332850997e-05,0.03499429395315118,0.0009308411937601509,35.5615377611591,0.23033990262795676,0.9597317167474332,0.0014577756811345855,0.01247113999852445,0.00201213429567473
ramps_and_edges,0.05,perona_malik,rational,0.05,1.0,1.0,0.2,80,16.0,10,0.0006503201282712459,2.7298383626319126e-05,0.05350741070795555,0.0011230140725873206,31.87217099452774,0.18228651483880887,0.9298499272848362,0.0014839197192732302,0.023211629997240378,0.003613898493197622
ramps_and_edges,0.05,perona_malik,rational,0.1,1.0,1.0,0.2,0,0.0,10,0.0025007653588473445,2.6433424535331757e-05,0.10494637403997668,0.0005537949790643292,26.01948800685422,0.04576383757196211,0.42416091061025984,0.0017185257815613333,0.0,0.0
ramps_and_edges,0.05,perona_malik,rational,0.1,1.0,1.0,0.2,1,0.2,10,0.001111690790829847,1.550328841697003e-05,0.06997113681712055,0.00048738032711258283,29.540538921382158,0.06043657886190358,0.595724484725992,0.0031225750593930897,0.0004602500033797696,9.346235711751046e-05
ramps_and_edges,0.05,perona_malik,rational,0.1,1.0,1.0,0.2,2,0.4,10,0.0005242942842725793,8.908120851046391e-06,0.048051818698587635,0.0004087275471436465,32.804814823433425,0.07397428046146548,0.7598562928159543,0.003750394263551002,0.0007791399984853342,0.00016098462239069454
ramps_and_edges,0.05,perona_malik,rational,0.1,1.0,1.0,0.2,5,1.0,10,0.0002096349580836993,8.539998860002096e-06,0.03037995489130597,0.0006190644157143812,36.78860939498078,0.17705565021790728,0.9249012876244024,0.003116532794618594,0.0016776399977970868,0.000381187413518298
ramps_and_edges,0.05,perona_malik,rational,0.1,1.0,1.0,0.2,10,2.0,10,0.00024977235715343833,1.047118621494647e-05,0.033160633490402894,0.0006947814380653441,36.02798627299348,0.18187954819882216,0.95414180789548,0.001563382136077972,0.003130220004823059,0.0004588680018773236
ramps_and_edges,0.05,perona_malik,rational,0.1,1.0,1.0,0.2,20,4.0,10,0.0004945804058111349,1.5256088831335819e-05,0.04666684816644073,0.0007190339418006679,33.059485416495036,0.13369680076904425,0.9446740160945157,0.000823908528932321,0.005761940003139898,0.0007245046980875501
ramps_and_edges,0.05,perona_malik,rational,0.1,1.0,1.0,0.2,40,8.0,10,0.0011364060383381935,2.026560890296458e-05,0.07074367755869994,0.000630873302704436,29.445286395785597,0.07746913952904312,0.9095877852822201,0.000951432008177028,0.010816720005823299,0.0007531940020239652
ramps_and_edges,0.05,perona_malik,rational,0.1,1.0,1.0,0.2,80,16.0,10,0.0031432151919514213,3.2775285960839586e-05,0.11765710132206982,0.00061389677610262,25.02647177805964,0.04535487299506462,0.8425743436579325,0.0009292638272948822,0.02111793000076432,0.0010038471830990246
ramps_and_edges,0.05,perona_malik,rational,0.2,1.0,1.0,0.2,0,0.0,10,0.0025007653588473445,2.6433424535331757e-05,0.10494637403997668,0.0005537949790643292,26.01948800685422,0.04576383757196211,0.42416091061025984,0.0017185257815613333,0.0,0.0
ramps_and_edges,0.05,perona_malik,rational,0.2,1.0,1.0,0.2,1,0.2,10,0.0007041717453088001,9.90091601892002e-06,0.055688563315091553,0.000392160480457345,31.52360214043643,0.0612693195551385,0.7001819576946499,0.003216361886445383,0.0004791999963345006,8.701842114648181e-05
ramps_and_edges,0.05,perona_malik,rational,0.2,1.0,1.0,0.2,2,0.4,10,0.0003974848162653543,9.969902936255603e-06,0.04183752106220671,0.0005246889014162661,34.00802401992115,0.10893146953923412,0.83830255714144,0.003579631076895947,0.0007586699997773394,0.00013374164748049852
ramps_and_edges,0.05,perona_malik,rational,0.2,1.0,1.0,0.2,5,1.0,10,0.0004597812359075812,1.2308647820577396e-05,0.04499634890323387,0.0006000622219040082,33.375874314684054,0.11540208112188427,0.9212262869218824,0.0026831280675882483,0.0015735699998913333,0.00027089124098567406
ramps_and_edges,0.05,perona_malik,rational,0.2,1.0,1.0,0.2,10,2.0,10,0.000972971181856022,1.4941028527945072e-05,0.0654598285306702,0.0005028641936379836,30.119461708539045,0.06676024770724698,0.9242051892972258,0.0011940206730165603,0.002859499998157844,0.00048542122212801757
ramps_and_edges,0.05,perona_malik,rational,0.2,1.0,1.0,0.2,20,4.0,10,0.0024841101166976466,2.5330478360050525e-05,0.1045964033838703,0.0005331761336183947,26.048494661799502,0.04426710260462993,0.8801486304259021,0.0006008163361323413,0.005298050001147203,0.0005123242834981894
ramps_and_edges,0.05,perona_malik,rational,0.2,1.0,1.0,0.2,40,8.0,10,0.004836619155853054,2.563323015127138e-05,0.14595063264920738,0.000386646687883764,23.154635935717383,0.023003771111501155,0.8130196241870481,0.000601327796732301,0.010788339999271557,0.0008903856522046755
ramps_and_edges,0.05,perona_malik,rational,0.2,1.0,1.0,0.2,80,16.0,10,0.007325153774385943,2.312363287196475e-05,0.17961569955054063,0.00028341600088187756,21.351851998302696,0.013701395055422073,0.7568198477206971,0.0005546845850250565,0.020630570000503213,0.0006220524753428565
ramps_and_edges,0.1,heat,,,1.0,1.0,0.2,0,0.0,10,0.010003061435389378,0.00010573369814132681,0.20989274807995337,0.0011075899581286552,19.998888093574596,0.045763837571961924,0.23144222845914805,0.0010559158526126592,0.0,0.0
ramps_and_edges,0.1,heat,,,1.0,1.0,0.2,1,0.2,10,0.003006545530339112,4.561995584363124e-05,0.11506917357415529,0.0008752323498819038,25.21977516681081,0.06623396259124022,0.4564154419684157,0.004268803422870546,0.00015335999778471888,3.2432466819250245e-05
ramps_and_edges,0.1,heat,,,1.0,1.0,0.2,2,0.4,10,0.0020786487013174457,3.3583388180225824e-05,0.09567844422448787,0.000775899417834338,26.822704427772457,0.07071073501679805,0.6136126572935,0.006432672767101865,0.0002614499942865223,3.7159037304737676e-05
ramps_and_edges,0.1,heat,,,1.0,1.0,0.2,5,1.0,10,0.0022545257253034413,2.8247822709067626e-05,0.09964517698445073,0.0006263773698683711,26.469757645551674,0.054786024466653,0.7762097667416489,0.006589745931039002,0.0005605200014542789,5.355331220737809e-05
ramps_and_edges,0.1,heat,,,1.0,1.0,0.2,10,2.0,10,0.002905123295125498,2.724204088991182e-05,0.11311348440498462,0.0005312724124312525,25.368526960989147,0.040867060873255166,0.8297734560925967,0.0032933598827002415,0.0010396800003945827,7.385771458492328e-05
ramps_and_edges,0.1,heat,,,1.0,1.0,0.2,20,4.0,10,0.004124631305437328,3.055879434533501e-05,0.13478025890181025,0.0004998708014865543,23.846256274261247,0.0322518069811601,0.8247002079050183,0.0015282281473401247,0.0020836300041992216,0.00032841055427254253
ramps_and_edges,0.1,heat,,,1.0,1.0,0.2,40,8.0,10,0.005838548502771368,3.718137517682655e-05,0.1603566118791409,0.0005106951746838855,22.337030373915763,0.02766766972891636,0.7862096765087758,0.0014057694813846275,0.004194299998925999,0.0006015521447411351
ramps_and_edges,0.1,heat,,,1.0,1.0,0.2,80,16.0,10,0.007886762740436266,4.222882266898266e-05,0.186373600964543,0.0004986905521800617,21.031068188852757,0.023228786712036383,0.7464329425372682,0.0012342869494118762,0.007943570002680644,0.000761421555640808
ramps_and_edges,0.1,noisy,,,1.0,1.0,0.2,0,0.0,10,0.010003061435389378,0.00010573369814132681,0.20989274807995337,0.0011075899581286552,19.998888093574596,0.045763837571961924,0.23144222845914805,0.0010559158526126592,0.0,0.0
ramps_and_edges,0.1,perona_malik,exponential,0.025,1.0,1.0,0.2,0,0.0,10,0.010003061435389378,0.00010573369814132681,0.20989274807995337,0.0011075899581286552,19.998888093574596,0.045763837571961924,0.23144222845914805,0.0010559158526126592,0.0,0.0
ramps_and_edges,0.1,perona_malik,exponential,0.025,1.0,1.0,0.2,1,0.2,10,0.009975683684854929,0.00010581869777029732,0.20960530099551078,0.0011099933439035945,20.010792299718176,0.04592574564938143,0.23173948193126687,0.0010583510568889642,0.0005404699943028391,0.00012615538372936933
ramps_and_edges,0.1,perona_malik,exponential,0.025,1.0,1.0,0.2,2,0.4,10,0.009950702786112599,0.0001058968088285049,0.20934267470522322,0.0011122001238696147,20.021682874175347,0.046074530806958565,0.2320106258318626,0.0010604141780421246,0.0009909799962770193,0.0002436868746039732
ramps_and_edges,0.1,perona_malik,exponential,0.025,1.0,1.0,0.2,5,1.0,10,0.00988861604833151,0.00010628023181915353,0.20868851023516405,0.0011197158978016632,20.048869665357422,0.04653087441933359,0.2326850838186884,0.0010707518452760774,0.0023834799969336016,0.0006327248479705036
ramps_and_edges,0.1,perona_malik,exponential,0.025,1.0,1.0,0.2,10,2.0,10,0.009813629822029827,0.00010672500606218636,0.2078956887281147,0.0011286986179343847,20.08193345933247,0.04708341065749637,0.23350584235992655,0.0010938729187334013,0.004657469995436259,0.0011003632616521845
ramps_and_edges,0.1,perona_malik,exponential,0.025,1.0,1.0,0.2,20,4.0,10,0.009715493492378595,0.0001076146810812304,0.20685349557761862,0.0011438461327743722,20.125590135794948,0.047955904774682985,0.23459982980540545,0.0011252436696330384,0.009378059997106902,0.0023119151412046065
ramps_and_edges,0.1,perona_malik,exponential,0.025,1.0,1.0,0.2,40,8.0,10,0.0095958983149307,0.00010884743447984656,0.20557625964605583,0.0011640706068663047,20.1793940074643,0.0491042614121908,0.2359939171225664,0.0011656451409389362,0.01823840000142809,0.0038119300589288313
ramps_and_edges,0.1,perona_malik,exponential,0.025,1.0,1.0,0.2,80,16.0,10,0.009454531085995189,0.00011018418158974552,0.20405619822291438,0.001187065210473327,20.24386430996513,0.05044398097786704,0.23769851685574145,0.0011571989701767646,0.035683490001247264,0.004778651373911641
ramps_and_edges,0.1,perona_malik,exponential,0.05,1.0,1.0,0.2,0,0.0,10,0.010003061435389378,0.00010573369814132681,0.20989274807995337,0.0011075899581286552,19.998888093574596,0.045763837571961924,0.23144222845914805,0.0010559158526126592,0.0,0.0
ramps_and_edges,0.1,perona_malik,exponential,0.05,1.0,1.0,0.2,1,0.2,10,0.009799741786724736,0.00010620090392822792,0.20774855136173417,0.001123913714469129,20.088082224150902,0.04691545028626731,0.23368524411790798,0.0010843157297736523,0.0005549099994823336,2.6057433474517438e-05
ramps_and_edges,0.1,perona_malik,exponential,0.05,1.0,1.0,0.2,2,0.4,10,0.009614046789327303,0.00010639140780324032,0.20577071162105348,0.0011367099571733131,20.171175980188806,0.04790394018341562,0.23580063926045208,0.0011088581168290116,0.0009321099991211667,2.8287433064291854e-05
ramps_and_edges,0.1,perona_malik,exponential,0.05,1.0,1.0,0.2,5,1.0,10,0.009142973158854081,0.0001062651759708233,0.20066588851106304,0.0011641589675066059,20.389388359547514,0.05030520307973651,0.24150099401018074,0.0011737852810206747,0.002143739999155514,0.00016038737879758792
ramps_and_edges,0.1,perona_malik,exponential,0.05,1.0,1.0,0.2,10,2.0,10,0.008538758646649257,0.00010658144587957031,0.19392160291401714,0.0012080689310751546,20.686355625895622,0.054011026577905304,0.24965294507576705,0.0012736502462266143,0.004241209998144768,0.0003199122774607534
ramps_and_edges,0.1,perona_malik,exponential,0.05,1.0,1.0,0.2,20,4.0,10,0.007674178220313485,0.00011046801935078347,0.18384095669054068,0.0013200979182545172,21.15008363271026,0.06222434431216599,0.2634924111987765,0.0015307091966407361,0.008458630001405254,0.0010413670689962112
ramps_and_edges,0.1,perona_malik,exponential,0.05,1.0,1.0,0.2,40,8.0,10,0.006556393478513488,0.00011973269501808608,0.16992321508045,0.0015469026211733655,21.833996437143686,0.07883261139112918,0.2869168109947823,0.002308113166982878,0.016922859993064775,0.0012160632369730491
ramps_and_edges,0.1,perona_malik,exponential,0.05,1.0,1.0,0.2,80,16.0,10,0.005430051504277296,0.00010798687923772735,0.15463902110910593,0.0015363797270107236,22.65273170590606,0.0862248244973333,0.31887110843514305,0.0035018859806069044,0.03404114999866579,0.0016916259011626458
ramps_and_edges,0.1,perona_malik,exponential,0.1,1.0,1.0,0.2,0,0.0,10,0.010003061435389378,0.00010573369814132681,0.20989274807995337,0.0011075899581286552,19.998888093574596,0.045763837571961924,0.23144222845914805,0.0010559158526126592,0.0,0.0
ramps_and_edges,0.1,perona_malik,exponential,0.1,1.0,1.0,0.2,1,0.2,10,0.008776643471801944,0.00010720103982860959,0.19660446289776137,0.0011986241970353246,20.567005654303706,0.0528624324451267,0.24613757842511616,0.0012618786194574336,0.0005597600014880299,6.231188676760953e-05
ramps_and_edges,0.1,perona_malik,exponential,0.1,1.0,1.0,0.2,2,0.4,10,0.007694366862692902,0.00010722418256438997,0.1840828797288217,0.00128025300284883,21.13864874301615,0.060295081106970044,0.2623901192127967,0.0015403650369011737,0.0010049200005596503,0.00010362198915613058
ramps_and_edges,0.1,perona_malik,exponential,0.1,1.0,1.0,0.2,5,1.0,10,0.005195967555964996,0.00010223154594872677,0.15126928820652868,0.0014860309132935427,22.8440893751639,0.08520623610451043,0.3223922140047032,0.0031135374843622027,0.002405070001259446,0.00048756500617095635
ramps_and_edges,0.1,perona_malik,exponential,0.1,1.0,1.0,0.2,10,2.0,10,0.002899629137764111,8.279642177141956e-05,0.11299720824792629,0.0016150740295657901,25.378173593467075,0.12429123094595602,0.45401787846972386,0.007939561285222056,0.004801550001138822,0.0011654536129577506
ramps_and_edges,0.1,perona_malik,exponential,0.1,1.0,1.0,0.2,20,4.0,10,0.0015506178638720156,6.517887791773098e-05,0.08262312742870652,0.0017451334877669376,28.098451054702288,0.18439402783682843,0.6437006511629961,0.013116725066649976,0.01146922999760136,0.00845959069469389
ramps_and_edges,0.1,perona_malik,exponential,0.1,1.0,1.0,0.2,40,8.0,10,0.001147952754632069,6.063453073485511e-05,0.07108197104566338,0.0018956771971480797,29.406355448046952,0.23393559325779492,0.7469169068632934,0.016748140220627327,0.02129941999737639,0.012140056773218952
ramps_and_edges,0.1,perona_malik,exponential,0.1,1.0,1.0,0.2,80,16.0,10,0.0010961278016654243,5.077207663752978e-05,0.06946419506840526,0.0016179366406565393,29.605644326493433,0.2034468227104494,0.7946364656712184,0.01204539606750065,0.039237789998878725,0.016086774489341808
ramps_and_edges,0.1,perona_malik,exponential,0.2,1.0,1.0,0.2,0,0.0,10,0.010003061435389378,0.00010573369814132681,0.20989274807995337,0.0011075899581286552,19.998888093574596,0.045763837571961924,0.23144222845914805,0.0010559158526126592,0.0,0.0
ramps_and_edges,0.1,perona_malik,exponential,0.2,1.0,1.0,0.2,1,0.2,10,0.005736095370890487,8.635555397356936e-05,0.1589401239961502,0.0011947080217593505,22.414277624173874,0.06519608725889328,0.3010505322815293,0.0018601341190044468,0.0006149399996502325,9.801352363094383e-05
ramps_and_edges,0.1,perona_malik,exponential,0.2,1.0,1.0,0.2,2,0.4,10,0.003187558330803899,6.376615397093016e-05,0.11848025527143986,0.001183421204066575,24.96619775201453,0.08663625148145242,0.40536469500917327,0.0039423129757584436,0.0011711099999956787,0.0002985390608440914
ramps_and_edges,0.1,perona_malik,exponential,0.2,1.0,1.0,0.2,5,1.0,10,0.0008752272124171774,2.3515200248316567e-05,0.062081389401035136,0.0008354003186445975,30.580208912777454,0.11707389226121931,0.7253802596960918,0.00738102398096957,0.00257994000276085,0.000689483011849995
ramps_and_edges,0.1,perona_malik,exponential,0.2,1.0,1.0,0.2,10,2.0,10,0.0005161954533422978,2.7219784846644833e-05,0.04766604699718343,0.0012500000772587391,32.87721336873236,0.2265048032056754,0.8780711141398176,0.004392082458088032,0.004855580002185889,0.001126122350939342
ramps_and_edges,0.1,perona_malik,exponential,0.2,1.0,1.0,0.2,20,4.0,10,0.0005772561072337145,3.41102284159737e-05,0.050402547129807504,0.0014789042288628114,32.393011631403034,0.2530432461131671,0.9209077582461054,0.002311120664106274,0.009409890000824817,0.0014875118831687987
ramps_and_edges,0.1,perona_malik,exponential,0.2,1.0,1.0,0.2,40,8.0,10,0.00089329170340123,7.829880410682256e-05,0.0626710781699416,0.002712863562709514,30.504591035691067,0.37149463211849704,0.914297946201539,0.004442874691084209,0.017816490001860075,0.0016673024345096057
ramps_and_edges,0.1,perona_malik,exponential,0.2,1.0,1.0,0.2,80,16.0,10,0.001600371455781388,0.00013397127059079416,0.08388847559102146,0.003523489127671467,27.971606167424238,0.3659695953663507,0.8859601477911522,0.006940326102042421,0.03448820000048727,0.0022108405369817494
ramps_and_edges,0.1,perona_malik,rational,0.025,1.0,1.0,0.2,0,0.0,10,0.010003061435389378,0.00010573369814132681,0.20989274807995337,0.0011075899581286552,19.998888093574596,0.045763837571961924,0.23144222845914805,0.0010559158526126592,0.0,0.0
ramps_and_edges,0.1,perona_malik,rational,0.025,1.0,1.0,0.2,1,0.2,10,0.009622444157559208,0.00010491474604527584,0.20586063951769704,0.0011204853024715604,20.167377349715107,0.04720131384897245,0.23557156353350234,0.001093939031745006,0.00043283000704832377,0.00011641043497830232
ramps_and_edges,0.1,perona_malik,rational,0.025,1.0,1.0,0.2,2,0.4,10,0.0092539095505861,0.00010399693153495255,0.20187980766811292,0.0011325337108802434,20.336993248234084,0.0486475001988848,0.23982762632123195,0.001134043273858673,0.000763030006783083,0.00014097762301200822
ramps_and_edges,0.1,perona_malik,rational,0.025,1.0,1.0,0.2,5,1.0,10,0.008216111857238537,0.00010052035219493057,0.19022267801910397,0.0011616180236388779,20.853627737766217,0.05294842906434333,0.25345174414770094,0.0012729675538901391,0.0015644100029021501,0.00022229305241863858
ramps_and_edges,0.1,perona_malik,rational,0.025,1.0,1.0,0.2,10,2.0,10,0.006684575269439405,9.356989735467039e-05,0.17157886051000953,0.0011986227212683102,21.749642837060104,0.06056376839131536,0.27978076516797923,0.0015920580516211964,0.0028705100063234567,0.0003698014818541982
ramps_and_edges,0.1,perona_malik,rational,0.025,1.0,1.0,0.2,20,4.0,10,0.004260945839642773,7.814786834183233e-05,0.13698500802250815,0.001253934163406878,23.705594087522663,0.0793654360685839,0.3522340474446104,0.0030526072534347187,0.005560530003276653,0.0009886041548353198
ramps_and_edges,0.1,perona_malik,rational,0.025,1.0,1.0,0.2,40,8.0,10,0.0015279792513886517,4.620292544704535e-05,0.08202581107868884,0.001239238164062782,28.160608767153217,0.13113241791166508,0.6015495551672999,0.009443908306162983,0.011074170001666061,0.001857688610297771
ramps_and_edges,0.1,perona_malik,rational,0.025,1.0,1.0,0.2,80,16.0,10,0.00035449931834547426,2.470617926580832e-05,0.039491160976541165,0.0013963807369141092,34.513713574248825,0.3116869449894302,0.9229056755946946,0.005338461900665142,0.021350050007458776,0.003096833740223727
ramps_and_edges,0.1,perona_malik,rational,0.05,1.0,1.0,0.2,0,0.0,10,0.010003061435389378,0.00010573369814132681,0.20989274807995337,0.0011075899581286552,19.998888093574596,0.045763837571961924,0.23144222845914805,0.0010559158526126592,0.0,0.0
ramps_and_edges,0.1,perona_malik,rational,0.05,1.0,1.0,0.2,1,0.2,10,0.008806614112051983,0.00010173869493434306,0.19694020787357985,0.001135701122055568,20.552170007189506,0.05000590321290961,0.2452963524450505,0.0011798599505613175,0.0004988999950001016,7.379190208133296e-05
ramps_and_edges,0.1,perona_malik,rational,0.05,1.0,1.0,0.2,2,0.4,10,0.007716149427381755,9.698930955491701e-05,0.18434400975117268,0.0011565609338958964,21.12630105088752,0.05439943243649535,0.260875681803587,0.0013368766947114,0.0007891699962783605,0.0001188906117494913
ramps_and_edges,0.1,perona_malik,rational,0.05,1.0,1.0,0.2,5,1.0,10,0.005036191697304073,8.017768998258973e-05,0.14892760064935257,0.001183484536033769,22.979470569856183,0.06890679796112102,0.3213835593322972,0.0022036471848531198,0.0016658099921187386,0.00034917207859359666
ramps_and_edges,0.1,perona_malik,rational,0.05,1.0,1.0,0.2,10,2.0,10,0.0022687546262177205,5.3752699783744165e-05,0.0999546016358285,0.0011831134332623305,26.443219310082657,0.10272657792107497,0.4863939873057933,0.006407347101023715,0.003347659995779395,0.0008140826821680829
ramps_and_edges,0.1,perona_malik,rational,0.05,1.0,1.0,0.2,20,4.0,10,0.0005544172244270529,2.3192276649569973e-05,0.04940468509616956,0.001040268493569251,32.56511375787961,0.18410949064135232,0.8421604520259338,0.007035724023189178,0.006173869999474846,0.0011313927720491832
ramps_and_edges,0.1,perona_malik,rational,0.05,1.0,1.0,0.2,40,8.0,10,0.0003780195776682489,2.6108540765480136e-05,0.04078150549982269,0.001400317853302661,34.23403522632868,0.29649351569480586,0.9465216511797803,0.002460184025112118,0.011902830001781694,0.0012963049099227262
ramps_and_edges,0.1,perona_malik,rational,0.05,1.0,1.0,0.2,80,16.0,10,0.0007100923305950814,4.837241121576016e-05,0.05589422598108316,0.0019049018194251587,31.495931985899478,0.29617851157758596,0.9264659094100649,0.0027024032569067727,0.022597549998317847,0.002458959084539523
ramps_and_edges,0.1,perona_malik,rational,0.1,1.0,1.0,0.2,0,0.0,10,0.010003061435389378,0.00010573369814132681,0.20989274807995337,0.0011075899581286552,19.998888093574596,0.045763837571961924,0.23144222845914805,0.0010559158526126592,0.0,0.0
ramps_and_edges,0.1,perona_malik,rational,0.1,1.0,1.0,0.2,1,0.2,10,0.006967979260838593,8.95661209059589e-05,0.1751788966319991,0.0011240076527149583,21.56925297937229,0.055638713630009974,0.273293115648778,0.0014147785385436272,0.00043080000032205137,0.00012766492508596065
ramps_and_edges,0.1,perona_malik,rational,0.1,1.0,1.0,0.2,2,0.4,10,0.00472071540682408,7.216939298263431e-05,0.14418793810972577,0.0011005716323848635,23.260376804828034,0.06620237450451462,0.3300449007265798,0.0021627898868463386,0.0007764600013615564,0.00023760199953101933
ramps_and_edges,0.1,perona_malik,rational,0.1,1.0,1.0,0.2,5,1.0,10,0.0014422118340006802,3.529876488830055e-05,0.07969326143654178,0.000976396758755447,28.4108837513234,0.10653961822326471,0.5911421685535546,0.006956434826069288,0.0019386400061193853,0.0006935978431799888
ramps_and_edges,0.1,perona_malik,rational,0.1,1.0,1.0,0.2,10,2.0,10,0.0005544071043651905,2.6174778257834626e-05,0.04940176089753364,0.0011634722885103565,32.566040448116105,0.20406335868293884,0.8534531311940728,0.0055680840839632826,0.003374649997567758,0.001021011287145999
ramps_and_edges,0.1,perona_malik,rational,0.1,1.0,1.0,0.2,20,4.0,10,0.0006130453774785417,2.972167183166488e-05,0.051947983002764965,0.0012549740331609526,32.12962548021816,0.20915274451133883,0.918534507218884,0.0022777906835046323,0.006335469995974563,0.001699251478950756
ramps_and_edges,0.1,perona_malik,rational,0.1,1.0,1.0,0.2,40,8.0,10,0.001218229839206086,4.2748260626903026e-05,0.0732387241813054,0.001286069790704091,29.145119387184156,0.1526600969389555,0.9018179796700343,0.0022382773180276995,0.011999809998087585,0.001841090472169479
ramps_and_edges,0.1,perona_malik,rational,0.1,1.0,1.0,0.2,80,16.0,10,0.003210422133215171,7.052515142068027e-05,0.1189032741374855,0.001308444840000676,24.935326371066612,0.09576055216126599,0.8396446898711976,0.002074419016403281,0.02485117000178434,0.007787670199116945
ramps_and_edges,0.1,perona_malik,rational,0.2,1.0,1.0,0.2,0,0.0,10,0.010003061435389378,0.00010573369814132681,0.20989274807995337,0.0011075899581286552,19.998888093574596,0.045763837571961924,0.23144222845914805,0.0010559158526126592,0.0,0.0
ramps_and_edges,0.1,perona_malik,rational,0.2,1.0,1.0,0.2,1,0.2,10,0.004433598228360114,6.255990680487656e-05,0.139734892966565,0.0009848866111478328,23.532824736203473,0.06115961164015674,0.3383746125767371,0.002045482515390437,0.0005869699991308153,0.0002516694318882416
ramps_and_edges,0.1,perona_malik,rational,0.2,1.0,1.0,0.2,2,0.4,10,0.002095644049620744,3.8639254461275687e-05,0.09606795009300123,0.0008865549472968308,26.78749100254955,0.08023870074561287,0.49112122723288804,0.004395907952459787,0.0009046000079251826,0.00034972009335765123
ramps_and_edges,0.1,perona_malik,rational,0.2,1.0,1.0,0.2,5,1.0,10,0.0008994688212051755,3.5087236538351126e-05,0.06292963657981651,0.001226634613134279,30.46310740820106,0.16919444950141968,0.7726596649712126,0.007172246921109555,0.001813339997897856,0.0005731075608562817
ramps_and_edges,0.1,perona_malik,rational,0.2,1.0,1.0,0.2,10,2.0,10,0.0011757528129271587,3.7012288745907986e-05,0.0719524783402716,0.0011354628350307404,29.29878976469928,0.13742897236435617,0.8644469067380152,0.004048682551597909,0.0033046900032786654,0.0006963695258851627
ramps_and_edges,0.1,perona_malik,rational,0.2,1.0,1.0,0.2,20,4.0,10,0.002574544795530615,5.348616273626839e-05,0.10647939256321018,0.001105604478993305,25.893838029392406,0.09015253833360581,0.8608886437817646,0.0015789036761415026,0.006164280005032196,0.0015201777907726663
ramps_and_edges,0.1,perona_malik,rational,0.2,1.0,1.0,0.2,40,8.0,10,0.004882720653563245,5.1979616395910027e-05,0.14664316141357267,0.0007802044932073935,23.113602431095835,0.04619177229093633,0.8073427187227399,0.0013261913877393688,0.01209812999877613,0.004317176335780134
ramps_and_edges,0.1,perona_malik,rational,0.2,1.0,1.0,0.2,80,16.0,10,0.007351603324692997,4.7317672843870356e-05,0.1799390481272786,0.0005787311514140093,21.336260177260776,0.027919297670549233,0.755014898244033,0.0011684946881444546,0.022577529997215608,0.005394695584665846
